timestamp,tracker_1_pos_x,tracker_1_pos_y,tracker_1_pos_z,tracker_1_rot_w,tracker_1_rot_x,tracker_1_rot_y,tracker_1_rot_z,tracker_2_pos_x,tracker_2_pos_y,tracker_2_pos_z,tracker_2_rot_w,tracker_2_rot_x,tracker_2_rot_y,tracker_2_rot_z,S_70_0_x,S_70_0_y,S_70_0_z,S_70_1_x,S_70_1_y,S_70_1_z,S_70_2_x,S_70_2_y,S_70_2_z,S_70_3_x,S_70_3_y,S_70_3_z,S_70_4_x,S_70_4_y,S_70_4_z,S_70_5_x,S_70_5_y,S_70_5_z,S_70_6_x,S_70_6_y,S_70_6_z,S_70_7_x,S_70_7_y,S_70_7_z,S_71_0_x,S_71_0_y,S_71_0_z,S_71_1_x,S_71_1_y,S_71_1_z,S_71_2_x,S_71_2_y,S_71_2_z,S_71_3_x,S_71_3_y,S_71_3_z,S_71_4_x,S_71_4_y,S_71_4_z,S_71_5_x,S_71_5_y,S_71_5_z,S_71_6_x,S_71_6_y,S_71_6_z,S_71_7_x,S_71_7_y,S_71_7_z,S_72_0_x,S_72_0_y,S_72_0_z,S_72_1_x,S_72_1_y,S_72_1_z,S_72_2_x,S_72_2_y,S_72_2_z,S_72_3_x,S_72_3_y,S_72_3_z,S_72_4_x,S_72_4_y,S_72_4_z,S_72_5_x,S_72_5_y,S_72_5_z,S_72_6_x,S_72_6_y,S_72_6_z,S_72_7_x,S_72_7_y,S_72_7_z
1754499461.4145691,0.10314229130744934,0.14214634895324707,-0.027406394481658936,0.5453576923010597,0.5670208736090282,0.4485415235352636,-0.42412593806478877,0.09171697497367859,0.05139791965484619,-0.1808900237083435,0.5350860163273428,0.6042438836730426,0.43728182030482426,-0.39668213176531514,-9.075,-4.3575,23.4498,8.31,-24.27,-43.2091,15.795,-2.67,53.966,-1.425,-30.4125,8.0223,-3.42,-36.2025,69.8049,-1.83,-3.9375,33.5291,-1.9425,-1.1925,73.2171,-2.295,3.51,22.9295,14.19,27.8925,-5.1062,3.2625,-3.96,-19.8803,-1.335,5.115,25.0833,-7.455,-2.22,15.2702,-13.0575,33.2025,30.8308,9.8775,-2.5725,10.4907,-4.485,-3.99,-23.1473,-2.4825,-1.32,8.0102,-48.3675,177.0225,101.8457,73.62,-4.1775,24.4783,19.6725,-3.63,37.7762,3.0375,9.2325,35.1989,16.14,-5.205,75.4556,-64.0125,24.105,48.9808,13.9575,-29.1825,71.3053,-3.8475,-1.11,-19.8077
1754499461.7782488,0.10309028625488281,0.14214003086090088,-0.02747952938079834,0.5454921861364218,0.5669649893166234,0.448644685635416,-0.42391846659249666,0.08465513586997986,0.04604756832122803,-0.1860569715499878,0.539135718037942,0.6024383288250101,0.4391584336982544,-0.3918424247286469,0.825,-9.1575,23.2078,-1.29,-14.97,-43.2091,-1.005,-2.97,83.974,-0.225,12.7875,7.2963,-4.02,-21.8025,70.7729,-1.83,-4.2375,34.2551,-1.9425,-3.4425,69.3451,-1.695,-1.29,-15.3065,-5.31,32.6925,-6.3162,-15.9375,34.44,11.0957,-0.735,4.965,13.4673,-7.455,-2.22,-0.2178,-13.5075,-17.1975,11.4708,-11.7225,37.6275,10.4907,15.315,-3.99,-18.7913,2.4675,2.88,14.7862,-67.7175,175.8225,102.8137,74.82,-1.4775,31.2543,74.8725,-3.93,22.2882,2.1375,-10.5675,-89.1891,6.54,-12.405,101.3496,-64.0125,5.055,46.0768,-2.9925,-0.9825,86.7933,17.6025,3.24,10.2003
1754499462.1413918,0.10311877727508545,0.1422337293624878,-0.02745157480239868,0.5450061368483964,0.5673552008445939,0.44853613023253847,-0.42413645244377174,0.0868469774723053,0.04707908630371094,-0.1846151351928711,0.5391119514463801,0.6024100628081194,0.4393820445681087,-0.39166776890518173,0.525,15.4425,23.4498,2.91,-3.87,-74.1851,10.395,6.33,53.966,3.375,7.9875,7.2963,3.78,-36.0525,70.2889,-0.63,-4.2375,67.6511,-1.9425,-3.5925,70.3131,-2.145,-5.79,-14.0965,18.69,28.0425,9.1718,-15.9375,44.64,-19.8803,13.665,-4.635,13.4673,11.745,-2.07,15.7542,-13.6575,-17.1975,27.9268,7.4775,49.4775,10.4907,13.065,-3.39,-15.4033,-2.6325,1.08,26.8862,-56.9175,192.0225,117.3337,79.62,0.0225,15.7663,75.3225,-3.63,15.5122,1.8375,-48.8175,96.6669,6.69,-7.605,100.8656,-64.0125,25.005,18.4888,-0.5925,-15.3825,-81.6387,-4.5975,-1.86,-3.3517
1754499462.5033844,0.10318931937217712,0.14220750331878662,-0.027447223663330078,0.5450783377494133,0.567372477754437,0.4484214294456199,-0.42414189223916915,0.0874570906162262,0.04930377006530762,-0.1838620901107788,0.5391126977312152,0.6028481131814755,0.4386782413020965,-0.3917816258929288,-8.775,16.6425,27.0798,-0.69,-14.67,-43.2091,-3.405,1.53,60.742,-1.425,-25.6125,4.3923,-4.02,-33.8025,100.7809,-1.83,-42.3375,66.6831,-0.4425,-3.5925,69.3451,2.505,-5.79,14.9435,18.69,28.1925,-6.3162,-13.5375,39.24,-12.1363,-5.235,-3.435,-13.6367,-6.255,7.53,-15.7058,-13.3575,28.7025,26.9588,-11.1225,35.3775,14.3627,-6.285,-2.79,-19.2753,6.9675,-1.32,15.0282,-65.3175,182.4225,101.8457,83.22,0.6225,70.9423,0.3225,-2.13,38.7442,7.2375,8.9325,38.5869,-2.91,-12.705,100.8656,-64.0125,24.105,76.0848,-4.6425,-0.9825,71.3053,-4.4475,11.34,17.9443
1754499462.8671978,0.1030971109867096,0.142464280128479,-0.02752530574798584,0.5448797566021006,0.567620496564145,0.44842863145165685,-0.4240574540977812,0.09242305159568787,0.05187392234802246,-0.1807231307029724,0.5398317054489682,0.6014996897087617,0.4397473185813596,-0.391665576867818,8.025,0.4425,39.1798,8.01,-24.87,-64.5051,-3.255,6.93,52.998,1.275,7.9875,7.2963,-4.02,-30.2025,102.7169,-1.68,-41.1375,-214.5209,-1.9425,-0.5925,87.0111,-2.295,3.51,15.9115,14.49,47.0925,-6.3162,-15.9375,44.34,26.5837,4.065,-4.635,-9.2807,11.745,-2.22,15.2702,-11.2575,30.8025,42.4468,-11.7225,35.6775,14.8467,3.315,-3.99,-21.2113,6.9675,-1.92,7.0422,-62.9175,172.8225,102.3297,73.62,-4.4775,73.8463,76.5225,-3.93,37.7762,14.1375,-8.1675,46.5729,4.44,-12.555,85.1356,-63.8625,-14.295,29.6208,-4.7925,-0.6825,89.6973,-2.1975,5.34,10.2003
1754499463.22944,0.10306036472320557,0.14247643947601318,-0.027565956115722656,0.5450269041782777,0.5673949615501631,0.44855805061207693,-0.4240333922265163,0.09118494391441345,0.050962090492248535,-0.18155503273010254,0.5398872616556059,0.6017060426874323,0.4393494258048583,-0.39171868017861106,-1.575,-4.3575,27.0798,-1.29,-24.57,-74.1851,10.995,8.73,53.24,-1.425,8.1375,12.3783,-4.02,-36.2025,101.2649,-1.68,-3.6375,64.2631,-1.7925,-3.1425,70.0711,0.105,-6.09,3.5695,-4.71,39.8925,-6.3162,-2.7375,1.14,11.0957,-5.535,-4.635,13.7093,-7.305,8.58,15.2702,-13.6575,21.3525,-4.0172,17.0775,49.6275,10.4907,14.115,-3.69,-23.1473,-2.6325,-1.32,7.0422,-61.7175,172.8225,133.3057,77.97,-3.5775,46.7423,74.7225,3.57,37.7762,1.8375,8.6325,36.6509,1.74,-12.555,115.8696,-63.4125,24.105,76.0848,-5.3925,-0.9825,71.3053,15.2025,-0.96,-18.5977
1754499463.5918229,0.10310778021812439,0.1425337791442871,-0.02771228551864624,0.5451173918151165,0.56731421140504,0.4486206518042093,-0.4239588525143923,0.09211304783821106,0.05167663097381592,-0.181069016456604,0.5400257897944775,0.6016004636263789,0.43944889777041346,-0.39157825104609045,-7.875,15.2925,23.4498,-1.89,-8.07,-72.2491,-0.855,-2.07,83.974,8.175,-20.6625,7.2963,-4.02,-36.0525,87.7129,8.07,-3.9375,64.7471,-1.3425,1.5075,77.5731,-2.295,-6.09,14.9435,23.49,29.2425,13.0438,-15.4875,-3.96,11.0957,-4.635,-1.035,14.1933,-5.055,-2.22,-6.9938,-13.5075,33.8025,27.4428,7.4775,36.2775,-20.2433,12.915,-3.69,7.8287,7.5675,-1.92,7.0422,-65.3175,172.8225,117.3337,92.82,-4.7775,40.9343,-1.7775,1.62,39.7122,11.4375,-48.8175,50.2029,-1.86,-12.705,101.8336,-63.4125,24.105,29.6208,4.2075,-0.6825,86.7933,2.6025,-0.66,17.9443
1754499463.954123,0.10304206609725952,0.14250922203063965,-0.027638494968414307,0.545343799703857,0.5670678207345965,0.4486103226829383,-0.4240082106419274,0.09169816970825195,0.05126035213470459,-0.18122732639312744,0.5400165773922345,0.6016138585249039,0.4392710256464458,-0.3917698930514902,-9.075,-124.3575,23.4498,-1.89,13.53,173.6229,8.895,-1.77,56.87,-1.275,8.1375,7.2963,-4.02,-34.7025,69.8049,-1.83,-3.7875,48.7751,7.6575,-1.1925,73.2171,-2.295,-6.09,16.8795,28.29,27.8925,-6.3162,-15.7875,-3.96,-11.8943,-5.535,10.365,-0.0847,21.345,-1.62,23.2562,-12.4575,32.9025,11.4708,-9.3225,35.3775,18.2347,12.915,-1.59,-23.1473,-0.2325,17.58,7.5262,-65.3175,172.8225,101.8457,92.82,-3.5775,8.0223,8.7225,-3.93,38.2602,1.8375,-5.7675,34.7149,6.54,7.695,69.4056,-61.9125,4.905,45.1088,-5.3925,-39.3825,71.3053,-4.4475,-1.86,10.2003
1754499464.317363,0.10311117768287659,0.14239919185638428,-0.027720630168914795,0.5452537274941955,0.5670745497253732,0.4486098436298428,-0.4241155953834173,0.09202298521995544,0.051486849784851074,-0.18099653720855713,0.53995531029409,0.6014315408285167,0.43953926954856976,-0.39183343969087775,12.525,-9.1575,28.2898,0.51,13.53,-43.2091,-3.405,-2.97,52.998,-1.275,8.2875,7.2963,5.73,-36.2025,71.7409,26.97,-4.2375,37.1591,4.6575,-3.5925,69.3451,7.305,-3.69,17.1215,-5.31,28.1925,-6.3162,-15.9375,54.09,11.0957,4.665,6.015,14.4353,21.345,17.43,15.2702,-8.8575,21.2025,26.9588,7.7775,35.2275,14.3627,-6.285,-3.39,-5.7233,2.1675,-1.92,7.0422,-67.4175,177.6225,163.7977,93.12,-3.5775,69.9743,17.1225,-2.73,43.5842,1.8375,9.2325,50.2029,1.74,-11.955,96.5096,-64.0125,-4.695,37.3648,-5.3925,0.3675,103.2493,-2.1975,17.34,-13.0317
1754499464.6798487,0.10306963324546814,0.14251625537872314,-0.02773362398147583,0.5454252854279175,0.5670200386410154,0.4484720394839212,-0.4241136404830575,0.09232684969902039,0.05164909362792969,-0.18083041906356812,0.5400490695205563,0.601155321787261,0.4397196868549685,-0.3919256268551057,-4.275,-7.2075,31.4358,-1.89,-19.47,-70.3131,-3.405,1.53,56.87,-1.425,8.1375,7.5383,-1.62,-36.2025,121.1089,-1.53,-4.2375,64.2631,-1.9425,6.0075,69.3451,-1.695,-6.09,-15.0645,26.19,47.0925,25.1438,-11.1375,-3.96,-19.8803,4.065,-4.035,-17.5087,-7.455,-2.22,-15.7058,-13.6575,30.8025,26.9588,12.2775,39.8775,27.9147,-5.085,-3.99,7.8287,-2.0325,-0.57,8.9782,-67.7175,192.0225,101.8457,73.62,-4.7775,29.5603,-2.0775,-3.93,68.7522,13.8375,-5.7675,34.7149,-3.06,6.645,85.1356,-61.6125,24.105,76.0848,4.2075,-39.0825,79.0493,14.9025,-1.86,-20.7757
1754499465.0432005,0.10302260518074036,0.14257967472076416,-0.02769172191619873,0.5453580481487554,0.5671537473050091,0.4483637322947778,-0.42413579668017143,0.09129822254180908,0.051084280014038086,-0.1814415454864502,0.5400571492427483,0.6013606336716678,0.43953761565221566,-0.39180373624456105,-3.675,-3.4575,-3.8962,-1.89,-24.87,-43.2091,-1.005,-3.27,52.998,-0.525,9.1875,7.2963,-3.72,-34.7025,70.7729,17.37,-42.0375,64.7471,-1.9425,-0.4425,100.3211,-2.295,3.51,14.9435,-0.51,37.4925,1.4278,-5.7375,44.04,-4.3923,4.065,6.765,14.4353,-6.705,-1.32,15.2702,19.9425,30.8025,26.9588,7.6275,44.6775,-20.4853,12.915,-0.39,-17.3393,-1.4325,-1.92,11.1562,-67.7175,192.1725,101.8457,78.42,0.0225,12.8623,-0.7275,-3.93,37.7762,1.8375,-5.1675,42.4589,-3.06,-10.305,116.8376,-62.8125,24.105,30.1048,-5.0925,-0.9825,71.3053,14.6025,-1.86,-20.7757
1754499465.4066386,0.10302972793579102,0.14263522624969482,-0.027657389640808105,0.5453975626623673,0.5670575624306962,0.4483993676673469,-0.42417591272168376,0.09198257327079773,0.051520705223083496,-0.1809900403022766,0.5398144789611765,0.6015265724638924,0.4395740329081384,-0.3918425968380447,2.925,-6.4575,23.2078,7.86,-19.47,-41.2731,-3.405,-0.87,54.934,10.575,-30.4125,9.7163,10.68,-33.6525,70.7729,-1.83,-4.0875,35.7071,3.1575,-3.5925,70.3131,7.905,-6.09,24.6235,-5.31,27.8925,-2.9282,-15.7875,-3.81,-12.1363,4.215,-4.635,14.4353,-7.455,0.33,19.6262,-9.4575,21.2025,28.8948,-11.7225,41.0775,10.9747,13.515,-1.59,-7.4173,6.9675,-1.92,7.5262,-62.9175,172.8225,113.4617,73.62,-2.3775,-115.8817,-2.0775,-3.93,54.2322,2.1375,3.8325,50.2029,-3.06,-12.705,108.1256,-64.0125,24.105,14.3748,-5.3925,1.5675,71.3053,5.0025,17.49,10.2003
1754499465.7702994,0.10303786396980286,0.14256978034973145,-0.027752697467803955,0.5455374515267866,0.5669696116479163,0.4486263478955655,-0.4238735223015061,0.09250274300575256,0.0519334077835083,-0.18058454990386963,0.5398850915615201,0.6013876317113199,0.43995764115491526,-0.3915278680656715,0.525,-9.1575,25.1438,-1.89,-24.72,-42.2411,-3.105,-2.67,83.974,18.375,10.3875,-8.1917,-4.02,-31.4025,100.7809,-1.83,-1.8375,64.2631,0.4575,1.2075,77.0891,-1.095,-3.69,30.4315,-4.71,32.6925,-6.3162,-5.7375,35.04,19.3237,13.665,-4.635,-5.4087,-2.655,-40.62,15.2702,-13.6575,-17.0475,26.9588,-11.7225,35.0775,-20.4853,18.015,-3.99,-22.6633,10.5675,-1.62,-23.2078,-67.7175,173.4225,167.6697,73.92,-4.7775,8.9903,7.5225,-3.63,42.6162,6.9375,-6.9675,34.9569,-1.86,-3.105,108.1256,-63.5625,24.855,-109.7712,-5.3925,-39.3825,56.7853,0.2025,-1.26,10.2003
1754499466.132941,0.1030099093914032,0.14268958568572998,-0.027860939502716064,0.545332245867154,0.5670844803150121,0.4484982245580711,-0.42411939946834737,0.09105104207992554,0.05094552040100098,-0.1817096471786499,0.5399527761049123,0.6014978232203313,0.4396081762240482,-0.3916578186392857,1.875,-6.4575,30.4678,7.71,-5.67,-66.4411,-2.805,-3.27,53.966,-0.225,8.2875,-23.6797,1.68,-36.2025,108.5249,7.77,-42.6375,64.2631,-1.9425,1.2075,69.3451,-2.295,-5.49,-0.5445,13.89,29.0925,-6.3162,-15.9375,-3.96,-3.1823,-5.535,-4.635,-17.2667,-6.855,-2.22,16.2382,-10.3575,-17.1975,27.9268,8.6775,-1.9725,11.4587,-6.285,-32.79,-7.6593,16.5675,0.48,22.5302,-65.3175,172.8225,150.2457,73.77,-4.7775,23.5103,7.8225,-3.93,38.7442,1.8375,-10.2675,35.6829,-2.46,-11.505,108.1256,-61.6125,26.655,29.6208,14.5575,-0.9825,-83.5747,-4.5975,-1.71,12.8623
1754499466.4942443,0.1030261218547821,0.1425638198852539,-0.028000235557556152,0.5455158700238653,0.5669019546367909,0.44855624806653327,-0.4240659264201323,0.09096959233283997,0.05085432529449463,-0.18171000480651855,0.5399175566727035,0.6014103941917563,0.4395311500833441,-0.39192696566150986,-8.625,10.0425,34.8238,7.71,-24.87,-43.2091,15.945,15.93,89.056,3.675,7.9875,22.7843,-4.02,-36.2025,101.7489,7.77,-3.9375,-212.5849,0.4575,-3.5925,92.5771,7.455,-6.09,14.9435,15.09,29.0925,-5.3482,-5.5875,-3.96,-15.5243,1.665,0.165,13.4673,-6.855,2.58,21.0782,-13.6575,-17.1975,27.4428,-8.4225,37.4775,11.2167,14.115,-3.99,-15.4033,-2.6325,-1.77,7.0422,-67.7175,192.0225,105.7177,78.42,-4.7775,69.9743,-2.0775,1.02,41.8902,11.4375,-10.5675,35.9249,-2.61,6.495,116.8376,-62.8125,41.805,46.0768,-5.3925,-39.3825,73.2413,5.0025,3.54,17.9443
1754499466.8587236,0.10312420129776001,0.14265334606170654,-0.027675628662109375,0.5454410578482469,0.5670045574274852,0.44849100073094095,-0.42409392507996113,0.09179279208183289,0.05135941505432129,-0.18121182918548584,0.5397097077346638,0.6016627534368173,0.43952940006178864,-0.39182780019476804,-6.375,-6.7575,7.7198,-1.89,-24.87,-31.5931,0.195,-0.87,68.728,-1.125,7.9875,15.0403,16.38,-35.6025,101.0229,-1.83,-4.2375,64.2631,-1.6425,-2.2425,69.3451,0.105,13.11,15.4275,23.49,27.8925,-6.3162,-15.7875,55.14,-19.8803,-5.385,-4.635,-17.5087,-7.455,16.98,-15.7058,-12.4575,-17.0475,27.9268,-11.7225,-0.9225,-20.4853,17.715,-3.99,-22.9053,-2.6325,-1.92,-20.0618,-67.7175,192.0225,149.2777,73.62,52.8225,38.9983,74.7225,0.87,37.7762,1.8375,-8.0175,96.6669,-2.31,7.095,69.4056,-50.8125,0.405,14.1328,-5.3925,-0.9825,71.5473,-4.5975,-1.86,25.6883
1754499467.220754,0.10301133990287781,0.14268779754638672,-0.0278780460357666,0.5453897811662052,0.5669718701768879,0.44845597896626127,-0.4242406473843649,0.09045824408531189,0.05044960975646973,-0.1820220947265625,0.5398248998874442,0.6015771791574275,0.43946662078922866,-0.3918709381068819,-3.975,-2.5575,23.2078,-1.89,-24.87,-74.1851,4.395,16.53,53.482,-1.425,7.9875,-23.6797,-4.02,-36.2025,100.7809,19.77,-23.4375,48.7751,-1.7925,-3.5925,69.3451,-2.295,-3.54,16.8795,-5.31,27.8925,-6.3162,-15.7875,36.84,26.5837,-5.235,-4.485,21.2113,21.345,-2.22,30.7582,-13.0575,33.8025,26.9588,17.0775,35.2275,-20.0013,18.015,5.61,-23.1473,7.5675,-1.92,7.0422,-67.7175,196.8225,102.0877,73.62,-2.3775,31.2543,-1.9275,5.67,38.0182,4.3875,-48.9675,34.7149,-3.06,8.895,104.2536,-64.0125,-9.495,45.1088,-5.3925,-0.9825,71.3053,-4.5975,-1.86,10.9263
1754499467.5849612,0.10301676392555237,0.14266455173492432,-0.027861416339874268,0.5453018141808115,0.5671127391482782,0.44849712129854835,-0.4241219074039554,0.0918111801147461,0.051329731941223145,-0.18114608526229858,0.5397357727107557,0.6016596082209743,0.4395318621424347,-0.39179414555243247,-9.075,-9.0075,1.1858,0.51,-3.27,-42.2411,-3.405,-2.67,57.838,0.975,7.9875,9.2323,-3.72,-36.0525,108.5249,5.37,-4.2375,-214.0369,10.0575,-3.5925,69.3451,19.455,-2.49,-16.0325,13.89,29.6925,-6.0742,-15.9375,45.39,-12.1363,-5.535,5.565,13.4673,-7.305,6.18,15.2702,-12.4575,-12.3975,-4.0172,7.4775,-2.7225,10.4907,-3.885,-3.84,7.8287,-2.6325,2.88,-15.2218,-64.1175,179.4225,101.8457,83.37,-4.7775,25.6883,8.7225,-2.73,10.6722,1.8375,11.0325,50.2029,-1.86,1.845,104.4956,-62.8125,24.255,14.1328,-0.2925,-20.1825,79.0493,-4.5975,1.14,11.1683
1754499467.9458754,0.10306289792060852,0.14284789562225342,-0.0278475284576416,0.5453645946802925,0.5670355557793242,0.44845907323848466,-0.4241845971701563,0.09141108393669128,0.05116546154022217,-0.18149608373641968,0.5398582441196331,0.6015658997325257,0.4393465861818081,-0.3919769742639071,13.425,-6.7575,27.8058,7.71,-22.47,-34.7391,2.745,-3.27,53.482,-1.125,-30.4125,-23.6797,-4.02,-36.2025,69.8049,-1.83,-3.0375,35.2231,-1.9425,1.2075,-178.4629,-2.295,-6.09,-0.5445,14.04,27.8925,-2.4442,-6.3375,44.64,11.0957,-4.035,-4.635,13.9513,11.745,-2.22,31.0002,-13.6575,-17.1975,15.3428,8.6775,-3.3225,-20.4853,12.915,-1.59,0.0847,4.5675,10.08,-23.6918,-67.4175,192.0225,101.8457,74.82,0.0225,38.9983,0.4725,-3.33,53.2642,22.2375,-5.3175,38.5869,1.74,8.895,100.3816,-64.0125,24.405,18.0048,4.2075,-0.9825,113.8973,0.2025,-1.86,-20.7757
1754499468.3096147,0.10303041338920593,0.142828106880188,-0.027869701385498047,0.545166025234347,0.5672145389902041,0.44857241911428797,-0.4240807160837523,0.09133288264274597,0.05119609832763672,-0.18152999877929688,0.539928598729818,0.6015359211433562,0.439498997574738,-0.3917551228740567,-9.075,-9.0075,30.9518,7.71,-23.67,-72.2491,-3.105,-3.27,84.7,0.975,7.9875,-23.6797,6.78,-35.0025,101.2649,-1.83,-3.7875,-214.5209,2.8575,-3.5925,96.4491,-2.295,-4.89,14.9435,14.49,29.6925,-6.3162,-15.6375,-1.56,-19.8803,-5.535,-4.635,-17.5087,-7.455,2.58,-12.8018,-13.6575,21.2025,28.8948,12.2775,-3.3225,19.2027,12.915,-3.99,-23.1473,-2.6325,-1.77,7.2842,-65.3175,173.7225,133.0637,76.02,-0.8775,69.9743,-2.0775,-3.93,38.0182,1.8375,-10.5675,97.1509,-2.76,6.495,119.7416,-62.8125,-11.895,33.4928,-5.0925,-0.9825,-82.6067,-3.9975,-1.11,13.1043
1754499468.671764,0.10303094983100891,0.14270377159118652,-0.027891337871551514,0.5449480181130354,0.5675049197213612,0.4485477167863249,-0.4239985352462744,0.09198865294456482,0.05160260200500488,-0.1810438632965088,0.5394875321060673,0.6019143462033133,0.4393573418967041,-0.3919403834721967,-3.075,-4.3575,25.1438,13.11,-19.92,-43.2091,-3.405,-0.87,85.91,0.975,10.9875,23.7523,6.78,-36.2025,77.5489,0.57,-4.2375,65.2311,2.8575,-1.1925,69.3451,0.105,-6.09,-16.0325,13.89,51.8925,14.0118,-15.9375,44.04,-18.9123,13.665,7.665,14.6773,-7.455,-1.02,15.5122,-11.2575,30.8025,-2.0812,13.1775,-3.1725,14.6047,-6.285,-3.99,-23.1473,-2.6325,-1.92,-14.2538,-67.7175,181.5225,101.8457,74.82,-4.7775,23.5103,75.3225,-3.93,37.7762,1.9875,-10.5675,96.6669,-2.91,-12.705,109.0936,-62.8125,26.505,45.3508,13.8075,-39.3825,71.7893,5.0025,0.09,-20.7757
1754499469.0365942,0.10297664999961853,0.1427745819091797,-0.027936577796936035,0.5452046632627635,0.5671143079105376,0.44862011645728395,-0.42411469582846356,0.0919952392578125,0.05135989189147949,-0.18108713626861572,0.5397662254790636,0.6016847280470858,0.43929793165308056,-0.39197578889464074,5.325,-7.9575,27.0798,-1.89,-24.72,-74.1851,-3.405,-3.27,54.692,12.975,7.9875,7.2963,3.78,-32.6025,69.8049,0.57,-1.8375,64.7471,7.6575,-3.5925,71.0391,-2.295,-4.89,14.9435,15.09,47.0925,-6.3162,-15.7875,-3.96,11.0957,-2.985,-4.635,31.1333,-7.455,-2.07,15.2702,-2.8575,21.2025,26.9588,7.9275,-3.3225,11.4587,19.065,15.36,-23.1473,7.1175,-0.72,7.0422,-58.1175,173.1225,117.3337,83.22,-4.7775,8.2643,-1.4775,16.47,38.7442,2.4375,9.0825,96.6669,-2.91,8.895,84.8936,-64.0125,24.105,17.0368,-5.3925,-19.8825,88.7293,-4.2975,-1.71,25.6883
1754499469.3986204,0.10297158360481262,0.1427212953567505,-0.027881383895874023,0.5450163307221565,0.5673922167547013,0.4485904589014215,-0.4240164018571549,0.09206578135490417,0.05174517631530762,-0.1809900999069214,0.5395952128762048,0.6018914354868009,0.43937259410043455,-0.39181024107722273,1.425,0.5925,24.1758,3.51,-24.72,-74.1851,-0.705,-2.07,83.974,-1.425,7.9875,-19.8077,-3.42,-35.0025,71.7409,-1.83,5.3625,-214.5209,-0.7425,-3.5925,102.2571,-2.295,-4.74,-0.5445,-5.31,27.8925,-2.4442,-6.3375,0.84,18.8397,13.665,14.565,15.4033,-7.455,-2.22,-15.7058,-10.0575,26.0025,-1.5972,-11.7225,-3.1725,16.5407,-5.985,-3.69,-23.1473,6.9675,-1.92,24.4662,-48.5175,192.1725,101.8457,74.82,0.0225,8.0223,9.9225,5.67,37.7762,1.8375,8.6325,99.5709,-2.91,-11.205,77.1496,-61.4625,33.705,29.6208,-5.3925,-0.9825,102.2813,-4.5975,0.24,10.2003
1754499469.760347,0.10298159718513489,0.14267373085021973,-0.027887821197509766,0.5453066775195056,0.5672371392200621,0.44851607280866335,-0.42392923589098486,0.09180310368537903,0.05140280723571777,-0.18119817972183228,0.5396131854843033,0.6017362845522409,0.43960356200160006,-0.39176468896823385,10.125,-33.1575,23.6918,8.91,-20.07,-35.4651,-2.655,15.93,52.998,9.675,7.9875,-15.6937,18.78,-17.0025,104.6529,-1.83,-4.2375,64.2631,-1.9425,-2.3925,69.3451,2.805,-1.29,14.9435,-3.51,27.8925,-1.4762,-15.9375,-2.76,-17.9443,13.815,-4.635,14.4353,12.345,9.78,16.7222,-13.6575,21.2025,27.9268,12.5775,35.0775,-20.4853,-6.285,15.21,7.8287,7.1175,17.28,8.2522,-62.7675,193.2225,157.9897,73.62,-0.5775,8.0223,-1.4775,2.67,39.7122,1.8375,8.6325,34.7149,-3.06,6.495,69.4056,-54.4125,28.905,14.6168,-5.3925,-36.8325,94.5373,-4.5975,-1.56,-3.3517
1754499470.1245952,0.10303822159767151,0.14273393154144287,-0.02789008617401123,0.5452432214223666,0.5671379352082284,0.44833284611817076,-0.42433720827425714,0.0910615622997284,0.05066239833831787,-0.18163102865219116,0.5396541638817776,0.6015864793207887,0.4396029413206467,-0.391938999778791,-4.275,0.4425,23.6918,8.01,-24.87,-27.7211,-3.405,-3.12,55.902,22.575,17.5875,7.2963,-3.72,-113.0025,100.7809,-1.83,-1.8375,-214.5209,-1.9425,-2.3925,84.8331,2.655,-6.09,16.8795,-5.31,42.2925,25.1438,-15.6375,44.04,-19.6383,-5.235,-4.185,13.4673,-7.455,7.38,-15.7058,15.1425,31.4025,-3.5332,-11.7225,37.4775,-20.4853,-6.285,-3.99,-21.2113,-1.4325,-1.92,8.9782,-67.7175,175.8225,101.8457,78.42,-4.7775,69.9743,-1.4775,-3.93,40.9222,4.2375,-3.0675,37.1349,-0.06,-7.905,100.8656,-64.0125,-13.995,29.8628,-5.3925,3.8175,71.3053,15.2025,-1.86,10.2003
1754499470.486318,0.10302808880805969,0.1427018642425537,-0.027867555618286133,0.5452882473917411,0.5671120239649997,0.4484177852862314,-0.4242241881962511,0.09169235825538635,0.05139660835266113,-0.18129241466522217,0.5396628065022155,0.6017206206065374,0.43951380208476126,-0.39182107042146713,10.725,-3.7575,30.9518,18.51,-5.67,-69.8291,-3.405,-2.97,52.998,8.325,-29.2125,7.2963,-3.42,-35.4525,69.8049,17.37,0.5625,64.2631,-1.7925,-2.9925,73.7011,8.805,-5.64,-16.0325,13.89,30.2925,-6.3162,-15.1875,-1.56,11.0957,8.265,-4.635,-13.6367,-7.305,-40.62,30.7582,-13.6575,21.2025,28.8948,-11.5725,44.6775,10.4907,17.715,-3.99,-23.1473,-2.6325,-1.62,8.0102,-67.7175,172.8225,101.8457,86.52,-4.4775,23.7523,17.1225,-3.03,37.7762,2.1375,-10.5675,34.7149,-3.06,-7.755,69.4056,-64.0125,30.105,14.1328,-5.3925,-0.9825,71.3053,14.6025,-1.86,10.4423
1754499470.8507204,0.10298439860343933,0.14285123348236084,-0.02795422077178955,0.5452861697255307,0.5672214305113367,0.4484457792419769,-0.42405098887489606,0.09136301279067993,0.05095672607421875,-0.18141603469848633,0.5397381237208396,0.601827729981527,0.4392886646219198,-0.39180533886140084,8.925,0.4425,23.4498,3.51,-24.72,-54.8251,11.445,-3.27,52.998,-1.425,7.9875,7.2963,-3.57,-36.2025,100.7809,-1.83,-28.2375,64.2631,-1.3425,-3.5925,69.3451,-2.295,4.71,-11.1925,14.04,27.8925,-5.8322,-15.9375,-3.36,11.0957,-5.535,5.115,15.8873,-6.255,2.88,-10.8658,-13.6575,21.2025,-4.0172,7.4775,-2.7225,-20.0013,-5.985,-3.99,-23.1473,-2.0325,0.48,26.4022,-58.1175,183.0225,101.8457,73.62,-3.5775,39.2403,-1.7775,-3.33,-116.8618,11.4375,0.5325,35.1989,-2.76,-12.555,-54.4984,-54.4125,24.105,29.6208,13.8075,-0.9825,102.2813,7.4025,-0.66,10.4423
1754499471.21211,0.10303798317909241,0.14276134967803955,-0.028042316436767578,0.5452829591400352,0.5670802083650598,0.4485226852611379,-0.42416262613546757,0.09111443161964417,0.050838470458984375,-0.18160074949264526,0.5397049252156265,0.601646342245342,0.4396074497158757,-0.3917721010047749,-9.075,-9.1575,-255.5762,-1.89,-15.27,-43.2091,10.995,-3.27,68.486,8.175,8.8875,9.2323,-2.82,-30.9525,71.0149,4.47,-3.0375,67.1671,8.8575,-3.5925,101.2891,-0.495,-4.89,-14.0965,15.09,42.4425,-6.3162,-15.6375,34.44,-18.9123,-5.535,-4.035,13.4673,-7.455,16.98,-15.2218,-13.6575,21.2025,-4.0172,21.8775,35.0775,13.1527,-6.285,-2.79,-7.6593,-2.0325,2.88,-15.2218,-67.7175,181.2225,156.0537,83.22,-4.7775,38.9983,-2.0775,0.87,46.0042,1.8375,-48.9675,42.4589,4.14,-12.705,71.5836,-64.0125,24.105,14.6168,-5.3925,-17.1825,73.2413,-0.9975,-31.86,11.6523
1754499471.5765767,0.10305416584014893,0.1426776647567749,-0.02785015106201172,0.5449395983344935,0.5675448473371785,0.44850973028740193,-0.42399610026020895,0.09167185425758362,0.050888776779174805,-0.18111419677734375,0.5394935715668441,0.601756343491408,0.4396853696067908,-0.3918067864389117,-2.775,10.3425,8.6878,-1.89,-5.67,-68.3771,1.395,-3.27,52.998,-1.425,7.9875,7.2963,-4.02,-36.2025,100.7809,19.77,-1.8375,72.0071,-1.9425,-2.3925,77.0891,-2.295,-5.79,-16.0325,14.04,38.8425,-6.3162,-12.6375,-3.96,11.5797,0.465,4.965,21.2113,-7.455,-2.22,0.7502,-13.3575,21.6525,27.9268,-11.7225,-1.5225,11.4587,13.215,-3.99,-19.2753,3.3675,1.68,10.9142,-65.0175,173.4225,102.5717,73.77,4.9725,8.0223,2.7225,-3.93,8.9782,2.1375,8.6325,35.1989,-2.76,-7.905,69.6476,-63.8625,34.905,14.6168,4.2075,2.1675,71.3053,5.0025,-1.86,12.1363
1754499471.938034,0.1029767096042633,0.14290177822113037,-0.02803558111190796,0.5444386455275853,0.5681739397456534,0.44825773626314547,-0.4240636128475649,0.10345697402954102,0.03697776794433594,-0.20926564931869507,0.5902292995973115,0.6106764681469206,0.40520717929843253,-0.3383941355911225,-7.275,-6.7575,26.1118,-0.69,-23.67,-43.2091,16.095,-2.07,-194.326,-1.425,8.2875,8.2643,6.18,-34.7025,104.6529,-1.23,-37.2375,42.9671,-1.6425,6.0075,82.8971,17.055,-6.09,15.1855,-5.31,32.6925,-5.3482,-11.1375,2.04,-19.6383,13.665,-4.485,21.2113,-6.855,-2.22,15.2702,-13.6575,21.5025,19.2148,-11.7225,35.0775,-4.9973,21.315,-1.59,-23.1473,8.1675,8.28,26.4022,-67.7175,-19.0275,153.1497,73.62,-4.7775,77.7183,17.1225,-3.93,6.8002,1.9875,-9.3675,96.6669,13.74,28.095,70.3736,-44.8125,24.105,29.6208,4.2075,-0.9825,80.0173,-3.3975,1.74,25.6883
1754499472.3006117,0.10323616862297058,0.1430957317352295,-0.027721166610717773,0.5442663773093989,0.5683762253708342,0.44843922952312787,-0.42382173245995863,0.11212795972824097,0.060274720191955566,-0.22274303436279297,0.5555561309470403,0.6214409933502395,0.4090057298104684,-0.3713254428064594,-8.475,-5.1075,-0.0242,-1.29,-24.87,-42.7251,-3.405,-3.27,83.974,8.175,-25.6125,-23.6797,-2.52,-36.2025,70.7729,17.37,-4.2375,64.2631,-1.9425,-3.5925,70.5551,-1.995,-6.09,15.9115,-0.36,27.8925,-6.3162,-15.9375,34.44,11.0957,-5.535,5.565,-9.2807,-3.855,-2.22,15.2702,-6.4575,-16.2975,-0.1452,-11.7225,35.2275,-4.7553,-6.285,-3.99,-23.1473,-1.4325,-1.77,-8.2038,-67.7175,20.4225,9.1597,-3.18,33.6225,46.9843,77.1225,-2.73,38.2602,12.0375,-10.5675,42.4589,73.74,28.095,133.2936,17.5875,24.105,52.8528,-5.0925,-0.5325,103.7333,-2.1975,-1.86,10.2003
1754499472.6637077,0.09027153253555298,0.14487338066101074,-0.016223490238189697,0.5394570079286672,0.5538420067535518,0.4434062454387764,-0.4534710880314451,0.12004294991493225,0.06528139114379883,-0.21606981754302979,0.55604745815282,0.6210477432596038,0.4099686913084356,-0.37018435192882154,-1.875,-8.2575,29.4998,1.71,-15.27,-36.9171,-3.405,6.33,60.742,1.575,8.2875,7.5383,10.38,-17.0025,69.8049,-1.83,-4.2375,66.1991,-1.9425,0.0075,69.3451,-2.295,-4.89,17.3635,-4.11,27.8925,-6.3162,-15.3375,34.74,11.0957,-5.535,-4.635,13.4673,-6.255,-2.22,15.2702,7.9425,-17.1975,29.8628,-11.4225,35.0775,18.2347,22.515,-3.39,-22.4213,2.1675,-1.92,7.0422,-67.1175,19.2225,13.0317,-3.18,33.6225,38.9983,75.3225,-3.78,41.6482,3.3375,9.8325,42.4589,73.74,25.845,100.3816,13.2375,28.005,54.7888,-4.1925,3.8175,-83.5747,9.8025,-1.86,10.4423
1754499473.0275538,0.0015667080879211426,0.11393213272094727,-0.026680350303649902,0.5836752052014905,0.573358135263253,0.4148039384976681,-0.3981474309824185,0.10271373391151428,0.05246889591217041,-0.22916877269744873,0.5560773316620777,0.6210895179897664,0.4103113178746699,-0.36968940239405695,29.925,-42.6075,34.8238,24.66,-24.87,177.4949,-3.405,-118.47,53.482,38.325,-30.4125,7.5383,0.78,-103.1025,85.7769,36.57,-77.8875,-183.5449,22.0575,-80.3925,69.3451,7.305,34.11,-8.2885,33.09,67.4925,-5.3482,-15.9375,34.44,13.0317,32.865,-4.485,-17.5087,11.745,-40.62,17.6902,-2.7075,-17.0475,3.7268,-3.6225,-3.3225,10.4907,17.715,39.81,8.0707,35.7675,36.48,12.8502,-19.5675,57.6225,43.7657,6.42,-76.7775,38.9983,36.3225,-3.93,45.7622,-74.9625,-46.4175,50.2029,45.09,64.095,100.3816,-54.1125,-11.145,60.5968,33.0075,-39.2325,73.2413,5.0025,36.69,-20.2917
