timestamp,tracker_pos_x,tracker_pos_y,tracker_pos_z,tracker_rot_roll,tracker_rot_pitch,tracker_rot_yaw,actuator_on,S_70_0_x,S_70_0_y,S_70_0_z,S_70_1_x,S_70_1_y,S_70_1_z,S_70_2_x,S_70_2_y,S_70_2_z,S_70_3_x,S_70_3_y,S_70_3_z,S_70_4_x,S_70_4_y,S_70_4_z,S_70_5_x,S_70_5_y,S_70_5_z,S_70_6_x,S_70_6_y,S_70_6_z,S_70_7_x,S_70_7_y,S_70_7_z,S_71_0_x,S_71_0_y,S_71_0_z,S_71_1_x,S_71_1_y,S_71_1_z,S_71_2_x,S_71_2_y,S_71_2_z,S_71_3_x,S_71_3_y,S_71_3_z,S_71_4_x,S_71_4_y,S_71_4_z,S_71_5_x,S_71_5_y,S_71_5_z,S_71_6_x,S_71_6_y,S_71_6_z,S_71_7_x,S_71_7_y,S_71_7_z,S_72_0_x,S_72_0_y,S_72_0_z,S_72_1_x,S_72_1_y,S_72_1_z,S_72_2_x,S_72_2_y,S_72_2_z,S_72_3_x,S_72_3_y,S_72_3_z,S_72_4_x,S_72_4_y,S_72_4_z,S_72_5_x,S_72_5_y,S_72_5_z,S_72_6_x,S_72_6_y,S_72_6_z,S_72_7_x,S_72_7_y,S_72_7_z
1753076613.2077246,0.2591681182384491,0.25971221923828125,-0.592676043510437,89.89870017544,28.127534149404042,11.874717724803903,0,31.9725,-3.3975,-8.9056,-4.305,3.54,-35.5135,0.315,-4.665,-32.8636,-0.4425,2.505,-33.88,-1.47,-1.2525,-3.751,-59.4525,-2.6175,31.4842,-62.6625,-72.4425,5.3603,-34.77,-39.6525,-16.0688,-78.3075,5.4975,-3.146,-25.4625,-9.51,32.8273,-1.7925,-2.6775,-3.4848,-4.9575,31.17,-13.6488,-1.545,-3.5325,-51.0015,-4.9425,8.7225,-4.598,-3.1125,-25.14,23.8733,-3.315,-2.565,-31.9198,-35.415,16.05,-19.5415,-18.315,-1.9875,-2.3716,-5.2125,-1.7775,0.121,-4.8075,-1.35,0.6534,-22.5375,1.3575,-2.6741,-23.07,2.1,-6.05,-8.7375,-2.16,-1.9239,-5.9025,-2.43,1.8876
1753076613.5694892,0.315749853849411,0.332516074180603,-0.5193146467208862,71.56102827330054,17.329519993667823,-5.357103530540087,0,30.9225,-3.3975,-9.3896,-4.305,5.94,-35.0295,-2.085,-4.365,-32.6216,-1.1925,-7.245,-26.862,12.63,-1.2525,11.737,-53.4525,-2.0175,0.9922,-72.2625,-35.0925,5.3603,-44.37,-34.8525,44.9152,-77.8575,5.3475,1.694,-25.4625,-86.31,50.2513,-2.2425,-2.2275,-3.9688,-4.9575,32.07,49.2712,-3.945,-3.5325,10.9505,-4.9425,-0.4275,-4.598,1.6875,51.51,23.8733,-3.315,-2.865,-4.8158,-28.065,1.65,-19.0575,-18.315,-2.2875,-2.3716,-4.7625,-2.5275,36.663,4.6425,-1.35,4.5254,-32.1375,-3.7425,-2.6741,-23.07,19.05,28.798,-46.9875,-1.56,27.8421,70.8975,-2.43,17.3756
1753076613.9331205,0.42260095477104187,0.31859922409057617,-0.4785473644733429,75.01469862816957,8.21870177228986,-21.3033620772773,0,-41.0775,-3.3975,-42.3016,-4.305,2.34,-35.5135,-0.885,-4.665,-95.2996,-6.4425,1.155,10.164,-1.77,-1.2525,-1.815,-64.2525,11.3325,-61.9278,-72.5625,-73.6425,-52.7197,34.83,-39.6525,-17.2788,150.1425,4.8975,-6.05,-25.4625,-8.61,67.6753,-2.9925,-2.8275,-3.9688,225.4425,-45.78,-17.5208,150.255,-1.1325,-51.0015,1.0575,1.3725,-66.55,74.8875,52.11,-38.0787,78.285,9.135,-66.7678,-36.015,1.65,11.4345,0.885,-2.4375,1.5004,-5.2125,-2.3775,59.895,-5.1075,-1.35,-33.9526,-19.5375,-4.6425,120.2619,1.98,16.05,118.096,-45.9375,16.59,-3.1339,-5.6025,74.37,-52.3204
1753076614.2963314,0.437849223613739,0.3028421401977539,-0.47715023159980774,78.34010097023673,9.274264702391394,-20.10057626885178,0,30.9225,74.0025,-35.5256,8.895,73.14,-31.6415,-69.285,72.135,-93.3636,-5.6925,77.205,-95.106,-1.77,-0.9525,-65.703,12.5475,7.1325,4.8642,4.8375,3.1575,-47.8797,-25.17,42.5475,-12.9228,-73.0575,28.7475,-5.324,51.3375,-71.91,-28.6407,-2.9925,74.1225,-0.0968,-4.9575,35.97,46.3672,-1.245,15.6675,-20.0255,0.4575,8.8725,-4.598,-0.4125,52.26,-22.5907,-2.715,73.935,-64.8318,-37.815,74.25,104.3625,-16.965,112.6125,-0.4356,-0.4125,-2.5275,-61.831,-0.3075,37.05,61.1534,-41.7375,0.1575,615.8779,34.53,83.25,131.406,-44.7375,79.29,120.7701,-4.7025,80.37,-63.9364
1753076614.6601894,0.43424004316329956,0.3063470721244812,-0.4825908839702606,85.28690351958079,14.917419580450483,-5.898345585495973,0,31.0725,73.8525,-11.3256,-1.905,73.14,-18.0895,-76.485,72.135,-95.0576,-0.4425,69.705,-97.526,-1.77,-1.2525,-61.831,-59.3025,-2.0175,-50.3118,-38.8125,12.7575,26.6563,-44.37,37.1475,-13.4068,-79.3575,7.1475,17.182,-3.8625,-9.21,2.3353,-0.5925,74.2725,3.7752,-4.8075,-26.73,45.3992,-3.345,-2.1825,-13.2495,-4.9425,1.3725,-66.55,-2.9625,51.66,-38.0787,7.485,74.085,26.8862,-28.215,73.65,105.8145,-18.165,119.8125,-1.8876,-1.4625,26.2725,-48.521,-3.7575,56.4,-34.1946,-32.1375,33.9075,615.8779,-12.12,131.85,118.822,-42.3375,83.49,120.7701,-5.3025,74.52,-47.9644
1753076615.0232146,0.46868187189102173,0.3261701464653015,-0.4290812909603119,88.99182999458958,5.7705214885039195,-6.659576510095998,0,30.9225,-3.0975,-26.8136,-3.105,92.34,-35.5135,-78.435,14.535,-95.2996,-83.2425,92.355,-83.732,-1.47,8.9475,-65.703,12.5475,-1.7175,-60.9598,-67.1625,-73.6425,-56.5917,-8.37,-39.6525,-13.4068,-3.4575,4.7475,-0.242,52.5375,-86.31,32.8273,150.6075,4.3725,11.5192,148.6425,-44.13,-5.9048,149.655,15.6675,-35.5135,14.2575,1.3725,1.21,-3.1125,-15.39,23.8733,73.485,1.935,-66.7678,-37.065,6.45,42.4105,61.185,-1.9875,1.5004,81.1875,-2.5275,-32.549,78.8925,-1.05,-65.1706,-41.7375,-4.0425,511.3339,-23.07,-3.0,-2.178,-47.1375,35.49,-3.1339,-5.3025,7.77,-1.0164
1753076615.3862717,0.511268138885498,0.31531691551208496,-0.3757437765598297,88.92451770834776,-2.4417750963575053,-14.38728223106929,0,222.9225,35.0025,-11.3256,-4.305,150.24,-33.5775,-2.085,-4.665,-95.2996,3.4575,10.905,24.2,-77.97,10.8975,-1.815,-64.1025,15.9825,62.9442,-70.1625,-70.4925,67.7963,-44.37,-29.7525,107.5932,-76.9575,-52.8525,-6.05,-20.6625,-86.31,-25.2527,-0.5925,-2.5275,119.9352,4.6425,-6.93,106.3832,5.955,39.9675,72.9025,-4.9425,3.7725,57.354,-1.0125,13.11,-38.0787,6.285,40.335,-66.7678,-37.815,-540.7501,-19.5415,-18.315,-1.9875,1.5004,-5.2125,-2.2275,-1.089,-5.1075,-596.4,-26.4506,-32.1375,-618.4426,-3.6421,-7.47,-3.15,-5.808,-2.7375,73.89,-1.1979,42.0975,74.37,-56.1924
1753076615.7502322,0.5577671527862549,0.29690080881118774,-0.3988747298717499,89.24808467841625,-1.0598488327009878,-16.505877621341142,0,187.3725,92.6025,-10.3576,152.745,149.94,134.8545,37.665,16.935,40.2204,-82.9425,512.3551,24.442,-78.57,460.1475,68.365,-64.1025,150.3825,93.1942,-71.2125,-64.0425,82.8003,-44.37,-0.9525,-17.2788,-77.7075,82.7475,-6.05,-24.8625,73.29,-12.6687,-1.6425,35.5725,-0.0968,-4.9575,108.57,-16.5528,73.755,18.0675,74.8385,-2.5425,1.3725,-65.098,73.6875,-25.29,-38.0787,-3.315,-2.865,-65.7998,-36.915,-3.0,-19.2995,-17.115,-2.5875,245.4364,6.7875,64.6725,-64.009,-4.8075,41.85,184.5734,-41.4375,-4.6425,2.6499,-23.07,-1.95,257.246,-46.8375,-2.91,4.6101,81.6975,74.37,-60.0644
1753076616.1142159,0.534121572971344,0.3331279158592224,-0.5290151834487915,85.37630352957399,5.479932794230107,-14.98560596754292,0,107.7225,76.4025,-36.4936,91.695,74.34,-33.5775,-2.085,-4.665,-87.5556,150.1575,89.055,-33.88,-78.57,8.9475,-1.815,-64.2525,1.5825,3.8962,158.1375,-64.0425,13.5883,109.23,-39.6525,-1.7908,75.2925,-71.1525,-1.21,-25.4625,-86.01,1.8513,155.4075,-2.8275,27.0072,148.6425,-24.78,13.4552,-3.945,3.6675,-47.1295,16.6575,3.7725,-42.35,152.8875,-25.29,23.8733,152.685,-2.865,-57.8138,134.985,2.85,120.8185,137.685,-2.5875,-0.9196,148.3875,7.6725,59.895,186.8925,25.65,58.7334,150.2625,15.7575,120.2619,15.93,1.95,-6.05,144.8625,-2.91,120.7701,147.6975,2.37,-1.9844
1753076616.4783955,0.4658295214176178,0.3115825057029724,-0.5219587087631226,83.07739818998441,17.579560618481892,-14.596325953917678,0,31.0725,85.5525,-42.3016,-3.705,73.14,-34.7875,84.765,-1.665,-87.5556,80.2575,79.155,-95.59,93.03,10.7475,-63.525,89.3475,78.3825,0.0242,-72.5625,3.1575,-56.5917,130.83,37.4475,75.6492,73.9425,26.3475,-5.082,128.1375,-62.31,2.3353,73.8075,309.1725,-3.9688,72.2925,-45.93,-17.2788,73.005,304.8675,-50.0335,71.8575,306.1725,-51.062,-3.1125,282.51,-37.8367,150.285,1.935,-62.4118,1.185,75.15,-18.5735,-17.115,74.2125,-2.3716,4.3875,3.4725,-55.781,24.8925,-1.35,-30.3226,-41.7375,-4.6425,507.4619,112.23,8.85,-6.05,50.6625,-2.91,-2.1659,72.0975,19.17,-1.0164
1753076616.8419352,0.4361768066883087,0.3110312223434448,-0.4487212002277374,87.30906907783302,9.570775586805043,-14.643974990213847,0,-45.2775,1.4025,-41.8176,77.295,73.74,64.4325,-77.685,74.535,-91.9116,-6.1425,70.455,-4.84,-76.17,-1.2525,3.993,12.5475,6.9825,31.0002,-71.6625,-73.6425,-50.0577,-43.17,43.1475,75.6492,73.3425,19.1475,-6.05,51.9375,317.19,33.5533,-2.6925,402.7725,-3.0008,72.4425,-44.73,-17.2788,-3.945,313.5675,10.9505,72.0075,306.1725,-4.598,76.0875,-15.39,-36.6267,-2.715,-1.665,-4.8158,-37.815,73.65,104.3625,-17.715,76.6125,15.0524,-2.5125,-2.5275,59.895,71.6925,42.0,64.5414,-41.7375,33.7575,615.8779,-17.67,-3.15,117.854,-44.7375,102.84,144.0021,1.2975,-1.23,-32.9604
1753076617.206057,0.501114010810852,0.3026456832885742,-0.3393462598323822,92.2202722320906,-11.088831370088263,-14.842541150287216,0,110.1225,-3.3975,-34.0736,-4.305,-3.66,26.6805,-78.285,-3.465,-2.3716,-58.3425,31.755,9.68,-68.97,39.5475,-57.959,-64.2525,-3.2175,-59.9918,-72.5625,-73.6425,13.1043,177.93,3.5475,-15.3428,79.3425,-52.8525,-2.178,129.3375,-86.31,64.7713,152.1075,11.8725,88.9592,150.1425,-45.78,46.3672,149.955,1.5675,-51.0015,-4.9425,-0.7275,-50.094,-3.1125,-5.94,-36.1427,-3.315,35.535,-65.5578,-37.665,-3.15,110.1705,-18.165,-528.6376,-1.4036,-4.6125,93.4725,-17.545,-5.1075,-533.55,-33.9526,-32.1375,-580.6425,-3.6421,-13.47,1.65,-5.082,-37.5375,-2.91,-3.1339,-0.9525,152.37,-44.5764
1753076617.5696216,0.5676887631416321,0.29584693908691406,-0.396954208612442,91.13709613465899,-10.6152155355082,-17.49170737960125,0,194.1225,83.0025,-38.1876,150.495,112.14,26.4385,-78.435,-4.065,-91.1856,94.3575,454.755,-99.462,-1.62,459.5475,-65.219,12.5475,152.7825,124.1702,81.0375,-54.4425,129.5063,-5.97,116.9475,48.5452,-80.2575,81.5475,2.178,-14.3625,-81.36,-21.1387,18.6075,150.7725,27.0072,33.4425,-45.78,-17.5208,45.255,54.0675,72.9025,-4.9425,-1.0275,-66.55,-3.1125,128.91,90.6653,2.685,36.735,-65.0738,-37.815,-3.15,15.3065,-17.115,28.6125,246.4044,-5.2125,-0.1275,-56.023,-5.1075,37.2,190.3814,-41.7375,62.8575,0.2299,-23.07,-3.0,241.758,-47.1375,-2.91,152.7141,109.2975,-2.43,-63.9364
1753076617.9340918,0.548698902130127,0.3080921173095703,-0.5052969455718994,86.75497832043943,3.408074790002665,-12.459014736659672,0,117.6225,1.7025,19.6504,72.645,73.14,-31.6415,-1.485,-4.365,-93.3636,167.8575,70.905,-68.728,153.03,-1.2525,-61.105,-63.9525,73.5825,-56.1198,-72.2625,3.1575,-48.8477,109.23,-39.6525,-17.2788,-80.2575,-71.9025,-5.566,128.1375,-66.96,-28.6407,153.0075,1.9725,16.3592,148.7925,-26.28,-16.5528,-2.445,78.0675,-42.7735,1.0575,6.7725,-51.062,150.4875,-20.49,-21.6227,150.885,0.735,-59.0238,139.785,6.6,-17.6055,135.435,-2.5875,22.7964,167.7375,8.2725,59.895,148.4925,-1.2,-33.2266,113.6625,14.7075,-2.6741,-3.87,25.65,117.854,106.4625,41.49,20.0981,147.6975,74.37,-60.0644
1753076618.2977593,0.46544402837753296,0.3160702586174011,-0.4229132831096649,87.64474126300155,1.3259797571173375,-8.160194205576946,0,35.7225,35.0025,-10.8416,158.895,6.84,-4.0535,84.915,72.135,-95.2996,70.3575,70.755,-20.328,84.63,4.8975,-1.331,94.4475,73.5825,0.2662,100.2375,5.8575,13.1043,109.53,-39.6525,-17.2788,150.4425,16.7475,-6.05,137.7375,-64.11,-29.1247,-2.3925,95.5725,88.9592,81.4425,-43.53,-17.5208,73.155,73.5675,-49.0655,-4.9425,76.9725,3.146,-0.5625,-25.29,28.2293,150.285,16.335,-66.5258,-27.915,35.55,11.4345,-15.765,-2.5875,-2.3716,91.3875,16.6725,-64.009,26.3925,-1.2,-65.1706,-3.3375,-4.4925,646.8539,-1.47,40.05,-5.566,-46.3875,35.49,-2.6499,75.9975,37.32,-61.5164
1753076618.6621947,0.48177269101142883,0.31943368911743164,-0.33178582787513733,95.63349646364615,-18.462008453304623,-11.775138479621148,0,-45.8775,111.8025,213.4924,77.295,34.74,-35.0295,-78.885,-4.365,-59.9676,-82.0425,146.355,-18.392,-68.97,152.3475,-2.783,-24.6525,-3.2175,-60.9598,-72.2625,-68.8425,-56.5917,-43.77,-16.7025,-17.2788,112.9425,-72.0525,-5.082,-24.8625,-38.31,98.6513,-2.9925,35.5725,-3.9688,-4.3575,-7.53,28.9432,-3.645,-2.9325,-45.1935,-4.9425,-1.0275,10.89,16.0875,128.31,-36.6267,-1.515,150.735,27.1282,-33.015,-594.7501,-4.0535,-15.315,-616.3876,245.6784,13.9875,16.6725,-64.009,14.0925,-610.95,-34.1946,-32.1375,-619.0426,-3.6421,-3.87,-3.15,255.31,-37.5375,11.49,0.7381,-5.7525,611.97,187.9856
1753076619.026304,0.5250705480575562,0.33409959077835083,-0.45184311270713806,93.6180901367693,-14.735692352240468,-12.858088638755719,0,185.4225,74.0025,-26.8136,17.745,-2.16,212.2945,-40.185,113.085,-87.5556,-5.5425,422.655,163.592,-0.57,345.5475,183.073,32.3475,304.1325,-57.8138,81.0375,8.1075,-52.7197,-43.17,-39.6525,239.2412,-75.4575,81.5475,-1.21,12.9375,-86.31,219.6513,35.5575,150.7725,3.7752,-4.9575,-26.73,-17.5208,34.455,6.0675,22.5665,40.3575,3.7725,-29.766,35.2875,-20.34,-30.3347,-3.315,150.735,-51.2798,-18.615,-499.35,112.1065,-18.315,7.0125,245.4364,13.9875,-2.5275,67.639,-5.1075,1.05,184.5734,-41.7375,63.7575,-3.6421,-20.67,-1.95,257.246,-37.5375,2.19,-3.1339,-5.9025,74.37,-63.9364
1753076619.3900237,0.509715735912323,0.3756927251815796,-0.614168643951416,88.97675331009715,-5.260934390464881,-13.196795742898397,0,-45.8775,-3.2475,50.6264,91.695,73.14,-23.8975,26.715,-4.665,-75.9396,149.7075,115.155,-27.588,-67.17,-1.2525,-49.973,166.1475,-2.6175,-30.9518,81.6375,22.5075,-56.5917,118.98,-29.7525,-17.2788,73.3425,-72.0525,-2.178,-25.1625,-82.71,40.8133,151.9575,6.7725,-3.9688,149.8425,-25.53,-17.5208,-3.945,73.4175,-43.2575,-0.1425,77.7225,3.146,-0.7125,-1.14,5.4813,150.285,73.935,-50.0698,120.885,73.65,104.3625,135.585,74.5125,-2.3716,167.5875,2.4225,-63.525,158.0925,17.85,-49.6826,112.1625,52.9575,4.1019,-23.07,54.6,1.694,106.4625,10.74,-3.1339,150.0975,16.77,-59.5804
1753076619.754501,0.5360058546066284,0.3108291029930115,-0.4238598644733429,93.15469810321068,-14.765399171066958,-14.648684232770648,0,184.5225,73.4025,-41.3336,151.695,15.54,-35.5135,74.715,14.685,13.1164,82.3575,-0.195,-4.84,75.03,0.5475,11.979,90.5475,-3.2175,-54.1838,-72.5625,-72.4425,-25.1317,123.63,-20.1525,31.6052,74.5425,23.9475,-5.082,128.1375,-4.71,-13.6367,160.2075,73.9725,59.4352,-2.2575,-41.13,45.1572,-3.945,92.7675,14.8225,-2.5425,96.7725,-4.598,-2.9625,-20.49,-38.0787,159.885,75.135,-66.7678,115.785,-2.85,104.3625,32.085,-2.5875,-2.3716,155.7375,-2.5275,67.639,186.8925,20.25,89.7094,131.0625,-4.3425,124.1339,-11.07,-0.45,133.342,108.8625,115.29,136.2581,150.0975,112.77,-1.9844
1753076620.118863,0.4298388659954071,0.4261787533760071,-0.5593695640563965,90.83449505444783,-24.592261506799808,-9.883547055930723,0,189.6225,-0.3975,-2.6136,91.695,74.04,-27.7695,-2.085,-1.965,-91.1856,152.2575,127.455,-67.76,-77.97,47.9475,-3.751,-42.6525,73.5825,-61.9278,-71.9625,42.7575,5.3603,-44.37,-39.5025,-16.3108,-2.8575,-72.0525,-6.05,-25.4625,-74.01,-27.6727,25.8075,-2.8275,-3.9688,-4.3575,-45.93,-1.5488,34.455,35.4675,77.0165,38.2575,37.5225,-66.55,-1.9125,-25.29,-5.4087,35.085,151.335,-60.9598,-37.815,-521.5501,-19.5415,20.085,-2.5875,291.9004,-5.2125,151.0725,191.543,33.5925,-614.55,-63.2346,-40.8375,-465.4425,-3.4001,-23.07,-2.85,282.414,-8.7375,12.69,60.7541,-4.7025,155.97,-32.9604
1753076620.4824603,0.5327051281929016,0.32163006067276,-0.4510361850261688,89.35103835475256,-16.83537305514147,-11.620999972947791,0,184.5225,83.0025,-3.5816,151.695,155.04,-27.7695,36.465,10.935,-95.0576,190.5075,532.905,66.792,0.78,459.5475,58.201,50.9475,159.9825,-59.9918,42.6375,-61.6425,-54.6557,-5.67,-1.1025,106.6252,-80.2575,-70.8525,-6.05,13.5375,-86.31,-13.6367,35.4075,-2.8275,-3.9688,-4.9575,-45.93,-17.2788,35.655,15.9675,72.9025,71.8575,-1.0275,-58.806,73.6875,-25.29,88.4873,14.685,-2.265,57.1362,-16.215,73.65,105.3305,-8.715,-2.5875,245.4364,13.9875,-2.5275,-63.525,15.2925,75.45,182.6374,-41.7375,-4.4925,7.0059,-23.07,1.8,245.63,-42.3375,4.29,-3.1339,91.2975,115.77,-24.0064
1753076620.8464582,0.5103343725204468,0.30410856008529663,-0.5208425521850586,84.10304749276908,6.1016976062396955,-8.921042799967942,0,108.9225,-2.1975,-11.0836,73.095,73.44,-31.6415,2.715,-4.665,-13.9876,166.3575,117.555,-55.902,-68.97,32.3475,-57.959,108.5475,-3.2175,-30.9518,100.2375,4.5075,-56.5917,109.23,-34.8525,-1.0648,73.3425,-72.0525,24.926,-15.5625,-86.31,52.1873,150.6075,16.3725,-3.9688,148.6425,-45.93,70.5672,-3.945,78.0675,10.9505,-3.7425,75.9225,26.62,-2.9625,-25.29,26.7773,153.585,73.935,26.4022,115.785,73.65,11.4345,145.635,9.4125,28.8464,148.3875,-2.5275,5.687,148.4925,23.25,-1.0406,116.6625,16.0575,-1.7061,-3.87,54.45,40.414,-44.7375,16.29,4.6101,3.6975,9.57,-62.9684
1753076621.210308,0.4470875859260559,0.3244031071662903,-0.4811146557331085,83.76546574296079,0.08375948583041193,-10.93920175616313,0,-45.8775,-3.0975,-41.0916,-4.305,7.14,32.7305,74.715,-4.665,-95.2996,-21.5925,-1.245,-6.776,-68.97,0.2475,-3.751,12.5475,6.3825,37.0502,-72.5625,-70.6425,40.2083,33.93,-20.4525,13.6972,-79.6575,23.9475,-3.63,-24.2625,297.69,33.5533,16.2075,400.5225,57.9832,4.6425,33.27,75.4072,-3.945,380.7675,-15.1855,4.6575,325.3725,-63.646,6.4875,53.91,-36.1427,-3.315,83.535,-55.1518,-37.815,73.95,11.4345,-18.315,74.3625,-2.3716,-0.4125,7.6725,-64.009,72.2925,-1.35,-38.0666,73.4625,33.7575,494.8779,54.33,74.85,11.374,32.0625,38.19,29.2941,70.8975,0.57,-32.9604
1753076621.5737712,0.4994889199733734,0.3148578405380249,-0.3374120891094208,91.70952017784177,-20.024227342206334,-14.75276230488618,0,107.7225,84.8025,214.2184,72.645,-1.26,-35.0295,-75.285,16.935,-93.3636,-63.4425,35.055,-82.038,-77.07,38.0475,-65.219,12.5475,-2.6175,0.9922,-14.9625,-29.2425,-56.5917,13.23,-1.2525,15.6332,111.7425,-71.7525,9.438,147.3375,-76.71,72.5153,220.2075,-1.6275,12.2452,-1.9575,-45.93,-0.8228,-3.645,-3.5325,80.6465,-4.9425,34.9725,57.354,-0.7125,23.01,-34.2067,15.885,12.135,58.1042,-32.715,-521.5501,104.3625,-18.315,-573.7875,1.9844,13.9875,2.2725,-2.057,-4.9575,-462.15,-65.1706,-41.7375,-465.2925,27.3339,-11.07,-1.8,-6.05,-8.7375,-2.61,58.8181,-5.6025,-1.23,184.1136
1753076621.9383273,0.5877853035926819,0.30006396770477295,-0.3447315990924835,94.16574302819001,-19.885631639846842,-20.19907284670189,0,203.7225,-3.3975,-42.0596,149.295,92.34,213.2625,-75.285,110.535,-94.5736,109.3575,461.205,190.696,-40.17,460.1475,182.347,-13.8525,169.5825,-56.1198,-72.5625,-73.6425,-54.6557,-44.37,114.0975,246.9852,-70.0575,81.5475,-2.178,-23.0625,-86.31,218.6833,6.7575,155.5725,90.8952,-4.3575,146.07,61.8552,-3.945,35.0175,10.9505,-4.9425,152.8725,-66.55,7.0875,17.91,-6.1347,-3.315,163.335,-66.7678,-17.415,-459.15,-19.0575,0.885,-2.5875,59.5804,4.3875,35.8725,36.663,-4.2075,-577.35,27.9994,-41.4375,-465.4425,-2.6741,-22.47,16.2,55.902,-44.7375,6.69,74.3061,20.4975,40.77,-63.2104
1753076622.3015947,0.531086802482605,0.3603336811065674,-0.5865883827209473,83.5828944026236,-2.290350488716731,-14.519963055306695,0,-43.4775,-3.2475,51.5944,149.895,1.14,-31.3995,-1.185,14.535,-64.3236,151.9575,11.955,-47.19,-68.67,-0.9525,-50.215,13.2975,39.9825,-30.9518,157.8375,-64.0425,-55.6237,32.43,-1.2525,16.6012,9.1425,-33.3525,102.366,52.6875,-86.31,-27.1887,112.2075,2.5725,-3.9688,91.0425,-7.38,46.3672,-1.545,6.0675,-51.0015,79.0575,18.1725,26.378,73.6875,-22.89,-38.0787,-0.915,16.335,-66.7678,-37.215,-3.0,-19.5415,-18.315,35.8125,-2.3716,33.7875,55.5225,59.895,-2.7075,49.05,-64.6866,-32.1375,-3.4425,11.8459,-0.87,-2.55,32.67,-24.3375,-0.51,9.2081,-5.9025,14.37,-59.0964
1753076622.665226,0.48465895652770996,0.315449595451355,-0.5418243408203125,78.38781105323135,10.34382669811041,-16.738233112859543,0,33.3225,-3.0975,-11.3256,14.895,-1.11,55.4785,75.915,19.335,-24.6356,71.2575,-6.645,-6.776,77.73,17.9475,-65.703,-64.2525,15.9825,31.0002,-72.5625,-68.8425,-56.3497,109.23,-20.1525,-9.2928,78.1425,-71.9025,24.926,137.7375,-86.31,-29.1247,-0.5925,304.3725,-3.9688,-4.9575,-41.13,13.4552,161.055,304.1175,-8.4095,-2.5425,306.4725,-58.806,-2.8125,-20.49,24.1153,-3.015,-2.715,-0.9438,-36.465,-3.0,-19.5415,3.285,55.0125,-2.3716,4.3875,8.2725,-1.573,81.2925,-1.35,31.6294,83.3625,-2.2425,11.8459,120.93,73.95,-1.936,68.0625,-2.76,12.3541,82.8975,-2.43,-28.8464
1753076623.0292764,0.484183132648468,0.32275646924972534,-0.4376719295978546,83.12199796723435,-3.246006992994216,-17.73858623039517,0,108.0225,35.1525,-11.3256,-4.305,15.84,-35.5135,-78.585,74.535,-48.8356,-2.6925,74.355,-6.776,-77.07,8.6475,-3.751,23.3475,-3.2175,-61.6858,-28.4625,3.1575,-56.5917,-44.22,37.1475,-17.2788,-41.8575,7.1475,-5.324,-25.1625,297.69,9.5953,1.8075,304.5225,58.4672,-2.5575,-44.73,54.1112,-3.795,15.9675,-20.0255,71.8575,3.7725,-4.598,55.0875,-25.29,27.7453,73.785,3.285,-3.8478,-15.615,-3.15,-18.5735,-18.315,-1.6875,-2.3716,81.1875,35.8725,184.283,4.4925,3.75,-64.2026,-41.7375,33.7575,503.5899,-23.07,17.25,-5.082,-47.1375,8.04,-2.8919,-5.9025,16.77,-62.9684
1753076623.3922634,0.492425799369812,0.43202900886535645,-0.5971120595932007,87.57355981754773,-15.279572800320631,-16.426764873299692,0,185.4225,3.2025,-33.5896,-4.305,44.34,34.1825,-77.385,-2.265,-33.1056,78.7575,147.255,24.684,-72.57,-1.2525,-44.891,12.5475,-2.9175,32.9362,4.2375,-73.6425,-56.5917,-41.97,-39.6525,44.6732,-56.2575,-66.9525,-3.63,-23.0625,-85.71,-28.8827,7.2075,-2.8275,-3.0008,5.8425,-45.33,-2.0328,-3.945,-3.2325,72.9025,71.8575,-1.0275,-66.55,74.8875,136.11,-21.6227,-2.415,-2.865,-64.8318,6.585,-3.15,13.3705,-18.315,7.0125,260.9244,33.4875,7.6725,28.919,-5.1075,-1.05,-26.4506,35.2125,2.5575,5.0699,54.03,-3.15,18.15,29.9625,25.89,18.1621,71.1975,7.17,-32.9604
1753076623.757166,0.5682340860366821,0.4110450744628906,-0.6757822036743164,81.33899617609232,-4.4010833692374485,-14.64199436467118,0,30.9225,6.3525,25.4584,149.595,-3.66,-35.0295,7.515,37.335,-95.2996,147.3075,32.955,-56.144,-78.27,-1.2525,-34.727,-64.2525,-3.2175,-46.4398,81.0375,-73.0425,-56.5917,-37.17,-39.6525,-17.2788,18.1425,-70.5525,71.39,-5.6625,-67.11,-29.1247,73.9575,16.3725,31.8472,74.2425,-45.93,44.4312,72.855,-3.5325,-51.0015,-0.1425,-1.0275,10.89,16.2375,51.51,-38.0787,1.635,-2.865,26.1602,-34.215,-2.55,-19.5415,-8.415,-1.3875,30.5404,-3.4125,16.6725,28.919,-2.7075,-1.35,31.6294,37.4625,-4.6425,-3.6421,-22.47,-2.85,29.766,-36.7875,-2.91,-2.1659,22.8975,-0.03,-1.9844
1753076624.1177025,0.6352239847183228,0.3232179880142212,-0.5874392986297607,84.67592327931874,-0.17984898753968193,-13.369634482044063,0,-45.2775,6.2025,-10.8416,-4.305,-3.66,34.1825,74.715,6.285,-89.4916,3.4575,2.805,20.57,-49.62,10.7475,-3.751,12.8475,0.2325,0.0242,4.2375,-71.2425,13.1043,-34.77,-36.6525,76.1332,-79.6575,-64.8525,55.902,-15.4125,-9.51,-29.1247,-2.9925,-2.8275,34.7512,5.2425,35.67,15.3912,-3.945,78.3675,11.4345,4.6575,-1.0275,18.634,7.6875,51.51,23.8733,-3.315,6.735,10.6722,0.885,-3.15,-5.9895,20.085,-0.0375,-1.8876,14.5875,8.2725,29.887,14.0925,3.6,-2.2506,16.1625,0.1575,-3.1581,44.13,16.05,-2.178,15.2625,16.29,4.6101,13.2975,-2.43,-1.9844
1753076624.4812398,0.5459927320480347,0.29259586334228516,-0.5375714302062988,88.64590377298563,9.454809322138736,-9.509641014374031,0,-45.8775,7.1025,-40.1236,5.295,-3.66,1.2705,-78.885,-4.665,-95.2996,4.6575,-3.645,-6.776,-1.77,3.5475,27.225,31.7475,-3.2175,0.9922,9.0375,-73.6425,36.3363,-44.37,-30.0525,44.6732,-3.1575,-59.3025,25.168,-25.4625,-86.31,-29.1247,83.4075,74.5725,34.9932,-4.3575,-44.73,-1.0648,1.755,75.3675,-47.1295,74.4075,13.6725,-4.114,73.6875,56.31,23.8733,-3.315,1.935,-4.8158,-37.215,35.55,-19.2995,-8.415,36.1125,69.2604,13.9875,-1.3275,2.057,90.8925,-1.35,27.7574,55.7625,33.9075,-2.6741,73.08,35.85,24.926,58.4625,-2.91,-2.1659,-5.9025,-2.43,31.4116
1753076624.8439744,0.4642524719238281,0.28874218463897705,-0.5288692712783813,85.92233031813497,11.453891127966234,-5.498953544898953,0,35.7225,-3.2475,-42.3016,72.495,-3.66,26.4385,-78.885,4.935,5.3724,-5.8425,-4.695,-2.662,-68.37,-1.2525,6.171,12.5475,-2.9175,31.0002,6.6375,-73.6425,-56.5917,32.73,-39.6525,-12.4388,-3.4575,-66.6525,-3.872,-25.3125,302.49,-29.1247,73.8075,381.1725,-3.9688,-4.3575,-30.33,-17.5208,-3.795,304.2675,-12.2815,-4.3425,310.9725,-66.55,-3.1125,61.26,-3.2307,-3.165,-2.865,-32.8878,0.585,1.65,-11.7975,-17.715,37.0125,-2.3716,4.3875,-2.5275,-56.265,-5.1075,18.45,-34.1946,-3.0375,-4.4925,27.3339,-20.67,-3.15,-6.05,-42.3375,6.84,18.6461,-2.9025,8.67,-1.9844
1753076625.2066693,0.4607070982456207,0.2924843430519104,-0.5355769395828247,89.01283272584166,13.191881704648615,0.2920244761694371,0,30.9225,-0.9975,-9.3896,72.645,-3.66,65.4005,-72.735,-4.215,-95.0576,-1.6425,-7.245,-37.752,-1.77,-0.9525,-1.573,13.7475,-3.2175,31.0002,-72.5625,-73.6425,-56.5917,-41.97,-38.4525,54.3532,-70.0575,-71.9025,-5.566,-25.4625,224.49,40.5713,-1.7925,304.3725,27.0072,-4.9575,-30.63,-17.5208,-3.945,323.4675,-35.5135,-4.6425,310.9725,-0.726,-1.3125,-6.09,24.3573,-3.315,-1.515,-4.8158,-37.365,-3.15,11.9185,-18.315,-2.1375,-0.4356,-5.2125,0.4725,5.687,-0.3075,8.25,4.5254,-3.3375,34.9575,12.3299,-22.47,1.65,26.862,-35.1375,4.29,-3.1339,-5.9025,-2.43,5.7596
1753076625.5692768,0.4459701478481293,0.2988393306732178,-0.544302225112915,86.98478981295266,16.35763767462797,-0.4703471702849226,0,32.1225,-2.4975,-38.4296,72.645,-2.46,-35.5135,-73.485,-4.665,-59.7256,0.3075,6.105,1.936,-78.57,-1.2525,-3.751,17.3475,-2.6175,0.2662,5.4375,-73.6425,-56.5917,-44.37,-39.6525,44.6732,-80.2575,-71.6025,9.438,-25.4625,220.89,63.8033,1.8075,304.6725,27.0072,7.0425,-44.13,13.4552,0.855,308.4675,10.9505,-4.9425,306.1725,-3.146,1.9875,-20.49,-30.3347,-3.315,-1.965,-58.7818,-37.215,-2.85,-11.7975,-15.315,46.3125,-1.8876,-2.5125,2.2725,-56.023,-0.3075,3.75,-26.2086,-36.9375,33.7575,29.2699,-23.07,44.85,25.168,-45.9375,6.69,-3.1339,-5.9025,-2.43,1.8876
1753076625.933701,0.44834187626838684,0.3110652565956116,-0.4373726546764374,92.32757418392367,8.814366010587168,1.8351167776609418,0,40.5225,35.0025,-9.3896,73.095,-3.51,57.4145,-71.685,-4.515,-31.4116,0.9075,12.105,-37.752,-1.47,8.9475,-3.751,12.5475,-2.6175,0.0242,-72.5625,-73.3425,36.3363,32.43,-30.0525,67.9052,150.1425,-72.0525,9.438,210.0375,231.09,-29.1247,-1.7925,309.1725,27.0072,-4.9575,-45.93,44.4312,149.955,313.8675,-20.0255,71.8575,306.3225,-56.87,73.6875,-5.49,-38.0787,1.935,1.935,-0.9438,1.785,25.8,11.4345,-8.715,74.5125,28.8464,-0.4125,-0.1275,-64.009,-4.9575,37.05,12.2694,-15.3375,33.7575,615.8779,5.73,150.45,-5.566,-47.1375,150.69,12.3541,-4.7025,31.17,-63.6944
1753076626.2972732,0.45565730333328247,0.30377793312072754,-0.2662016451358795,95.45781826030513,-4.251539242282977,0.6090230456963703,0,-19.7775,-3.3975,-42.3016,-4.305,34.74,-27.7695,-74.085,44.535,-32.8636,-78.4425,69.555,-95.832,-78.42,39.5475,-50.215,-63.8025,-2.0175,31.0002,-50.9625,-73.0425,-54.1717,157.23,-38.1525,17.5692,111.7425,-72.0525,-6.05,-20.6625,-43.11,-28.6407,6.6075,54.7725,11.5192,-2.5575,-45.63,-9.2928,7.005,-3.5325,-51.0015,1.3575,1.3725,-2.662,-1.9125,133.11,39.3613,-3.315,150.735,181.2822,-37.815,-595.5001,19.1785,-18.315,-616.9876,245.4364,-5.2125,-566.0776,-32.791,-4.5075,-462.15,-53.5546,1.4625,-465.4425,-3.6421,-8.37,-444.6,-6.05,-8.4375,-444.51,74.3061,23.4975,153.57,5.7596
1753076626.66196,0.4662639796733856,0.29046934843063354,-0.21693584322929382,93.8943707776615,-5.814347418537285,-2.148066533998802,0,59.7225,-0.8475,-3.5816,-4.155,304.74,-31.6415,-78.885,36.285,59.5804,-78.1425,341.505,55.176,-77.67,306.5475,85.305,-54.6525,308.7825,61.9762,-53.3625,-34.0425,75.0563,-44.37,-39.6525,-17.0368,-75.3075,-72.0525,-5.566,-25.4625,-86.31,32.8273,-2.6925,23.5725,243.8392,-3.7575,126.87,-17.5208,-3.945,-2.7825,197.7745,-4.9425,-1.0275,-41.866,-0.7125,149.91,23.8733,25.635,160.335,-4.8158,-37.815,-459.15,-19.5415,-18.315,-453.7875,13.1164,-5.0625,-444.1275,-2.057,-2.4075,-538.95,-2.9766,-41.7375,-463.0425,-1.4641,8.13,-385.65,-4.114,-35.1375,-463.56,70.4341,-5.6025,163.17,-63.9364
1753076627.0252976,0.45702359080314636,0.3594591021537781,-0.329477459192276,87.61007365090731,-4.807013496546477,-0.8569700480105272,0,-6.2775,75.8025,-26.3296,6.495,-3.66,-35.2715,-0.885,5.535,-2.3716,18.6075,166.155,13.31,-77.37,157.1475,-65.703,-64.2525,-0.0675,31.0002,-52.1625,-73.6425,20.8483,-44.37,124.7475,-10.7448,-80.1075,81.5475,1.694,12.9375,-83.91,33.5533,25.8075,16.3725,-3.0008,-2.2575,107.67,45.1572,-3.345,39.6675,-51.0015,-3.7425,19.3725,-66.066,-2.9625,147.96,23.8733,-3.315,153.135,20.3522,-36.615,-463.35,42.4105,-18.315,-444.1875,-2.3716,-4.6125,-452.5275,-62.799,4.4925,-538.95,12.2694,-39.0375,-460.6425,-3.6421,-12.87,-461.55,9.438,-44.5875,-458.91,-2.1659,3.6975,161.37,-63.9364
1753076627.3895326,0.3814150393009186,0.5118412375450134,-0.6107802391052246,85.57771222101849,-3.9787479187150225,-1.4405800276900815,0,93.3225,-0.6975,-34.5576,-4.305,-3.06,-35.5135,-40.485,74.535,28.6044,-44.6925,242.355,-43.56,-76.17,152.6475,58.201,-64.1025,303.9825,61.9762,-72.5625,-73.6425,67.3123,-44.37,-39.6525,-17.0368,-79.6575,-52.8525,-6.05,-12.2625,-86.31,-12.6687,-2.5425,0.7725,243.8392,-3.6075,-45.93,-17.5208,-3.945,6.0675,260.6945,3.6075,4.0725,-66.308,-0.7125,-25.29,-34.2067,-0.915,-2.865,-66.7678,-37.815,-386.85,-15.6695,8.085,-458.5875,5.3724,-5.2125,-463.3275,-62.073,-2.5575,-442.35,-64.6866,-36.9375,-461.8425,-3.6421,1.23,-463.65,71.39,-47.1375,-425.31,-2.8919,18.0975,-2.43,-62.0004
1753076627.75359,0.3463202714920044,0.5988709926605225,-0.796343207359314,93.26904830227406,-3.456390987005557,-1.5427538859046823,0,-43.4775,35.0025,-42.3016,-4.305,304.74,-34.5455,38.715,14.535,-95.2996,-73.6425,332.355,-94.864,-77.37,317.0475,-64.977,-49.5525,308.7825,-60.9598,-72.5625,-73.6425,-37.2317,-25.17,-10.8525,16.1172,-80.1075,-72.0525,-5.808,-23.0625,-85.56,1.8513,16.3575,-2.8275,244.3232,-4.9575,-45.93,1.8392,-0.195,-2.3325,212.2945,-4.9425,18.1725,-66.55,-0.7125,-20.49,-32.0287,7.185,-2.865,-66.7678,-37.815,-420.75,-18.5735,-18.165,-462.1875,90.5564,-5.2125,-463.3275,-63.767,-4.8075,-462.15,-55.4906,-41.7375,-465.4425,19.5899,-18.27,-387.15,1.936,-8.7375,-422.91,1.7061,-4.4025,-2.43,-63.9364
1753076628.1173015,0.3334459662437439,0.6719114780426025,-0.9300597906112671,93.31953428180056,2.3061014797055353,-5.188735621821474,0,-44.6775,83.0025,4.1624,-4.305,49.44,-35.5135,-74.085,42.885,28.6044,-80.2425,338.355,-53.24,-78.57,347.9475,-49.247,-64.2525,73.7325,62.9442,-67.4625,-57.4425,-56.5917,-44.37,37.1475,-13.4068,-73.0575,-68.4525,9.438,-22.9125,-81.51,-29.1247,6.6075,-2.8275,1.8392,-2.5575,-34.38,-1.5488,-3.645,-1.7325,-51.0015,-4.7925,3.7725,-51.062,11.2875,-19.89,-37.1107,-3.315,6.735,-66.7678,-31.665,-444.75,-19.0575,-17.115,-554.5875,96.3644,-5.2125,-458.5275,5.687,-4.9575,-400.65,-64.9286,-41.7375,-465.4425,59.5199,-20.67,-387.15,-6.05,-46.8375,-2.91,-2.1659,-5.9025,4.77,-63.9364
1753076628.4811277,0.40209531784057617,0.5743886232376099,-0.7662866115570068,91.88425570554288,-1.5300399572095025,-3.1925161559776827,0,122.1225,73.4025,-7.4536,-3.555,-3.66,-35.5135,-78.885,82.335,-94.3316,-80.8425,391.155,0.968,-78.57,315.5475,-3.509,-59.4525,-3.2175,47.4562,-72.4125,3.1575,6.3283,-44.37,-39.6525,61.1292,-41.8575,-67.2525,-2.178,-25.4625,-86.16,-29.1247,-2.9925,0.1725,27.0072,34.1925,-45.93,0.3872,44.055,73.2675,11.4345,-4.9425,8.5725,-65.34,6.6375,-25.29,25.8093,-2.115,-2.865,10.6722,-33.015,-538.35,66.1265,-18.315,-614.4376,-1.8876,4.9875,0.0225,-63.767,-3.4575,-385.35,-2.4926,-41.7375,-436.4925,58.7939,-18.27,-386.85,-6.05,-37.5375,-2.91,12.3541,-5.7525,-2.43,1.8876
1753076628.8440433,0.4224873483181,0.5755155682563782,-0.7539626359939575,88.71923649189071,-1.9350388364562772,-0.2714124760238215,0,107.7225,6.9525,-3.5816,-4.305,73.14,-35.5135,-78.285,72.135,-1.4036,73.0575,362.805,0.968,-78.57,-1.2525,-1.815,-64.2525,75.9825,32.9362,-71.3625,-33.8925,16.9763,-44.37,29.0475,44.6732,-75.4575,-72.0525,-6.05,-20.6625,-85.71,48.3153,-2.6925,-2.8275,-0.0968,-4.9575,-45.93,-17.5208,34.455,-3.5325,11.4345,34.8075,-1.0275,-3.146,-3.1125,-15.69,25.0833,47.085,-2.865,2.9282,-37.515,-537.15,50.1545,-18.315,-530.5875,60.0644,-5.2125,2.2725,-64.009,16.4925,-384.75,4.5254,-1.3875,0.1575,-3.6421,-22.92,-540.7501,-6.05,-47.1375,-1.71,60.7541,-5.9025,-2.43,-1.9844
1753076629.2070658,0.496923565864563,0.5188330411911011,-0.6750688552856445,86.78267996677526,0.12124405902665167,1.1075210002884477,0,69.3225,-3.3975,-9.3896,149.295,-3.66,-31.6415,42.315,-4.065,-2.1296,72.7575,370.755,-1.452,7.98,346.7475,-3.751,-44.7525,305.1825,40.6802,-61.7625,-73.6425,5.8443,-2.37,-30.0525,44.6732,-32.2575,-70.8525,-5.082,-25.3125,-85.11,63.8033,40.2075,-0.4275,27.0072,33.4425,30.87,-7.8408,-2.745,73.4175,18.9365,-4.9425,3.9225,-4.598,-3.1125,-18.09,23.8733,-0.915,-2.865,-4.5738,-37.815,-0.3,42.4105,32.085,-2.5875,98.3004,-5.2125,7.3725,28.919,-3.9075,10.65,-2.7346,-39.3375,-4.4925,-3.4001,2.13,-3.15,55.902,-8.7375,-2.91,4.8521,-4.7025,0.12,15.4396
1753076629.5689144,0.5563517808914185,0.4455851912498474,-0.5628467798233032,83.30184031709007,-0.7162839173102341,1.9998508700086304,0,108.9225,-2.7975,19.6504,151.695,-0.66,58.3825,7.515,-3.915,-33.3476,76.3575,-6.495,-6.292,-1.77,-1.2525,-3.267,-39.3525,-3.2175,31.0002,-34.1625,-73.6425,5.3603,-2.97,-39.6525,44.6732,-39.4575,-72.0525,-6.05,-17.6625,-85.11,-29.1247,-2.3925,-2.8275,-3.7268,-4.8075,30.87,-2.0328,34.455,-3.5325,10.9505,-2.5425,8.5725,-3.63,-0.7125,-13.29,-7.1027,13.785,-2.565,-0.9438,-34.215,6.45,42.4105,24.885,-2.4375,59.5804,-5.2125,2.2725,-2.057,34.4925,-1.35,0.1694,-41.7375,4.9575,0.2299,-21.87,-3.15,-4.114,-47.1375,-2.91,12.3541,-3.5025,7.47,-1.9844
1753076629.932412,0.698570966720581,0.24530839920043945,-0.38139650225639343,86.2834450578037,19.067815080531144,-5.291100610563183,0,107.8725,-0.6975,-11.3256,-4.305,-1.26,-33.3355,-78.885,-3.465,2.4684,72.7575,3.405,-6.776,-78.27,-1.2525,-3.751,99.0975,-3.2175,31.0002,81.0375,-63.8925,9.7163,-44.37,-34.7025,75.6492,-41.5575,4.7475,-5.566,-20.6625,-9.51,32.8273,-2.9925,-2.6775,-3.9688,19.3425,30.87,44.4312,17.955,73.2675,20.6305,14.2575,10.9725,-65.582,-0.7125,51.81,31.6173,-0.915,-2.865,2.9282,-37.815,-0.75,-19.2995,-18.315,7.0125,75.0684,-0.4125,-2.3775,-0.121,-4.9575,1.05,4.5254,-40.5375,4.9575,-2.6741,-23.07,6.45,1.694,-45.7875,-2.61,-3.1339,0.0975,-2.43,29.7176
1753076630.2952375,0.5953667759895325,0.2657725214958191,-0.44647839665412903,87.23233291406011,26.332222949240983,-1.9737572634387883,0,-41.0775,1.4025,-36.4936,150.645,-3.66,-4.5375,75.015,-4.665,-95.2996,71.5575,-2.445,4.84,-78.57,-1.1025,-65.703,-64.2525,-3.0675,38.9862,81.0375,-65.8425,11.4103,-44.37,-39.5025,76.6172,-3.4575,4.7475,55.902,-22.9125,-85.71,-29.1247,-2.9925,83.5725,-3.9688,73.1925,-45.93,13.4552,-0.345,73.4175,-20.0255,-4.9425,85.3725,-4.598,73.6875,71.46,-22.5907,76.335,7.035,-0.9438,-27.465,-3.15,11.4345,-8.715,-1.3875,0.0484,-5.2125,4.6725,30.855,-5.1075,-1.35,4.5254,54.2625,33.7575,-3.1581,-20.22,44.85,24.926,-42.3375,-2.91,-2.6499,-5.9025,-2.43,-63.9364
1753076630.6588519,0.4993410110473633,0.31041663885116577,-0.38771852850914,87.6135162282797,16.687818046501125,-0.2708558344450343,0,108.0225,111.8025,-7.4536,-4.305,8.34,44.1045,-2.085,-4.065,-33.3476,72.7575,-6.945,6.292,-78.57,-0.6525,11.979,-64.2525,-3.2175,39.7122,81.0375,-54.1425,42.3863,42.78,-39.6525,75.6492,73.4925,-56.4525,-6.05,128.4375,230.49,-21.1387,73.8075,304.9725,-2.0328,72.4425,-45.78,-17.5208,72.855,303.6675,-0.6655,86.2575,306.1725,-3.146,74.8875,51.51,54.8493,-3.165,74.535,-66.7678,-36.465,92.85,-19.5415,-18.165,84.1125,-0.4356,-2.8125,35.8725,61.831,-5.1075,39.45,-3.2186,39.8625,4.9575,496.3299,54.18,-3.15,-6.05,-46.9875,117.09,-2.6499,-5.3025,113.97,-56.1924
1753076631.0231798,0.49881425499916077,0.33863526582717896,-0.35185155272483826,91.62842114414583,2.6522308395642678,-0.5729306405038245,0,129.3225,35.0025,205.7484,149.295,112.74,-35.5135,-78.885,52.935,-95.2996,81.7575,120.705,-92.686,-67.77,-1.2525,59.653,-64.2525,-3.2175,-60.9598,-72.5625,-73.6425,-48.8477,-24.87,-36.0525,106.6252,-80.2575,-72.0525,-5.808,-25.4625,-86.31,-21.3807,-2.8425,153.4725,119.9352,14.5425,107.67,-17.5208,-3.795,-3.5325,72.9025,-4.3425,-0.4275,-66.55,2.7375,128.91,-38.0787,-2.115,151.335,-66.7678,-37.815,-439.95,-15.6695,-15.915,-444.1875,245.4364,-4.9125,-2.5275,-56.265,-4.9575,-610.95,-33.9526,-40.5375,-436.3425,0.4719,-23.07,-3.15,249.502,-8.2875,16.29,244.9161,-3.5025,189.57,186.2916
1753076631.3873057,0.5145580172538757,0.3590390086174011,-0.4509723484516144,90.0185755599847,4.884370966052061,-3.8825559856608143,0,-45.8775,-3.3975,-25.3616,149.895,191.94,212.2945,-78.885,33.735,-64.0816,-77.8425,496.755,167.464,-77.97,466.7475,191.301,-63.6525,188.7825,0.9922,-72.5625,-54.4425,5.3603,-44.37,152.4975,230.7712,-80.2575,81.5475,-5.082,-23.0625,-86.31,218.6833,1.8075,198.7725,305.7912,33.4425,146.07,-17.5208,35.955,34.8675,196.8065,33.4575,192.1725,185.13,44.8875,13.41,211.6653,-3.315,189.135,-47.4078,-23.415,-463.95,-19.2995,0.885,-424.6875,245.4364,-5.2125,0.0225,21.175,34.4925,-594.75,8.3974,-41.7375,-416.6925,-3.1581,34.53,25.95,251.438,-8.4375,-2.91,-3.1339,-5.9025,175.47,-63.9364
1753076631.7519686,0.4983833134174347,0.3009738326072693,-0.42696186900138855,87.97693214386526,30.61003617422218,-6.19590305624792,0,117.3225,39.8025,-11.3256,149.295,151.14,-35.5135,47.715,-4.515,13.1164,188.5575,12.255,-14.52,-39.87,-1.2525,-3.751,12.8475,44.7825,-59.9918,81.0375,-70.0425,-48.8477,54.18,-38.4525,-17.2788,-80.2575,-69.9525,-6.05,-24.8625,-67.11,-28.1567,1.8075,6.7725,-2.0328,150.1425,-45.78,-17.5208,1.005,1.2675,11.9185,-4.3425,-1.0275,-35.574,16.2375,-22.89,-7.1027,150.285,-2.865,-59.0238,115.785,-0.75,12.4025,135.285,-0.1875,7.3084,153.7875,-2.5275,-32.065,148.4925,-1.35,66.7194,113.6625,54.1575,616.3619,-23.07,-2.55,120.758,126.2625,1.89,78.1781,147.6975,-2.13,6.7276
1753076632.1161618,0.5641966462135315,0.2815632224082947,-0.33868399262428284,88.87979066535155,19.06433700849584,-3.2024559542978173,0,-26.3775,-0.9975,-41.8176,-4.305,-1.26,-35.2715,-78.885,-4.665,-95.2996,83.5575,73.755,1.936,-73.77,-1.2525,-3.751,-64.2525,35.1825,-40.3898,-67.7625,-34.0425,-56.5917,-36.57,-39.6525,-17.2788,-3.4575,-62.4525,-5.082,-20.6625,-86.01,-29.1247,16.8075,21.1725,-3.7268,18.2925,-45.78,107.5932,34.455,39.9675,-27.7695,40.8075,-0.4275,-64.614,35.4375,-25.29,-38.0787,-3.315,-2.865,-35.7918,1.035,-538.35,-19.0575,-18.315,-2.5875,261.1664,17.5875,151.0725,214.775,33.4425,-615.45,182.6374,-22.5375,-465.4425,-3.6421,-18.27,16.65,303.71,-47.1375,-0.51,58.8181,-5.9025,170.52,-63.9364
1753076632.4797711,0.49161943793296814,0.29542309045791626,-0.4561428129673004,89.66222279769188,41.797790160093754,-4.066252481919011,0,33.3225,73.7025,-42.3016,-4.305,-3.36,-20.0255,-78.885,-4.665,-95.2996,-70.3425,51.555,10.648,-78.12,3.5475,3.993,-64.1025,-3.2175,0.7502,83.4375,3.1575,-40.8617,109.23,-38.0025,-16.3108,73.4925,5.9475,-6.05,-3.2625,-86.31,-29.1247,161.7075,17.5725,57.9832,148.6425,-43.53,44.4312,73.005,1.5675,10.9505,14.2575,-1.0275,-66.55,73.6875,-25.29,-7.1027,150.285,16.335,18.4162,130.185,73.65,-17.6055,140.085,112.7625,-2.3716,168.1875,35.8725,59.895,155.8425,-1.35,60.6694,114.2625,2.5575,615.8779,-23.07,6.45,-6.05,106.7625,-2.61,-3.1339,9.6975,-2.43,-32.9604
1753076632.8432171,0.5291296243667603,0.3029754161834717,-0.42673459649086,87.7402482817975,28.887053246237468,-2.696331106758745,0,213.6225,74.6025,-34.3156,72.495,75.54,-35.5135,7.515,91.335,-95.0576,-5.8425,91.905,-67.276,-75.87,-0.6525,-65.703,-59.1525,-0.8175,-61.9278,81.0375,-73.6425,5.6023,-43.47,-38.7525,-1.7908,-3.4575,4.8975,-2.178,-25.1625,-55.71,-29.1247,150.6075,35.7225,4.0172,-0.1575,-4.83,-1.7908,-2.745,44.4675,10.9505,-4.9425,-1.0275,-1.694,-2.9625,-12.99,-38.0787,150.285,35.685,-66.7678,115.785,35.25,13.6125,-18.315,-2.5875,276.4124,-2.8125,-2.5275,-48.521,0.2925,13.05,194.2534,-41.5875,16.9575,0.2299,-22.92,-3.15,248.534,-47.1375,2.49,1.2221,-4.1025,85.17,1.8876
1753076633.2067125,0.5386280417442322,0.29296934604644775,-0.43997159600257874,87.17502286507542,30.1922773870979,-1.4258077190308893,0,189.3225,83.0025,-42.3016,86.895,-3.66,-31.6415,-78.885,-4.665,-2.3716,172.3575,94.755,3.388,-73.77,-1.2525,11.737,-64.2525,7.5825,0.5082,81.0375,-73.0425,-41.1037,128.43,-39.6525,45.6412,73.3425,4.8975,-4.114,-24.8625,10.29,33.3113,-2.9925,83.8725,-3.7268,167.9925,-45.93,-17.5208,20.055,75.6675,10.9505,167.8575,-1.0275,-64.614,0.7875,13.11,-7.1027,169.485,-2.565,-66.7678,130.335,115.65,104.3625,58.485,37.0125,-0.4356,149.5875,113.2725,59.895,225.2925,77.85,58.7334,188.6625,54.6075,120.5039,53.73,-0.45,148.83,183.2625,112.29,120.7701,224.4975,83.97,-63.9364
1753076633.5713418,0.48662006855010986,0.29731136560440063,-0.44539639353752136,89.08788518570859,39.091629234371645,-3.2054878387905044,0,108.0225,-3.3975,-42.3016,72.495,15.54,-25.8335,-1.935,33.735,-73.0356,151.9575,91.155,-90.024,84.63,-1.2525,-59.653,91.7475,74.9325,-48.3758,81.0375,-51.8925,-25.6157,186.03,-28.8525,-17.2788,82.9425,-62.4525,-6.05,51.3375,-76.41,-27.1887,75.6075,-2.2275,57.9832,225.4425,-45.93,59.9192,72.855,-3.5325,-43.2575,75.4575,-1.0275,-57.838,73.9875,15.51,-30.3347,150.285,16.335,-64.8318,135.135,35.55,104.6045,135.285,69.4125,-1.4036,148.8375,2.2725,-64.009,151.4925,1.05,-65.1706,112.0125,148.9575,507.4619,-21.87,-3.15,118.338,107.6625,169.89,120.7701,162.0975,-2.43,-48.2064
1753076633.9353676,0.5476932525634766,0.3069133758544922,-0.3396933972835541,86.0386344672859,17.321023422661746,-10.359949372292382,0,-43.4775,37.4025,-24.8776,-3.405,-3.66,-35.5135,-73.785,-4.665,-93.3636,76.3575,31.305,-37.51,-73.77,37.4475,-65.703,-54.6525,74.4825,-59.9918,-67.7625,13.3575,-54.6557,-41.97,-30.0525,-9.5348,-3.4575,-52.8525,-0.242,-25.4625,-83.91,-29.1247,-0.5925,-2.8275,104.4472,-0.1575,-36.33,-15.5848,-1.545,-2.7825,-4.5375,72.1575,-1.0275,-66.55,6.4875,-25.29,-38.0787,-3.015,-2.865,-65.3158,-37.215,-516.6,-19.5415,-18.015,-1.3875,315.1324,4.6875,152.8725,184.767,-4.5075,-596.55,198.1254,-41.7375,-465.4425,-3.1581,-22.77,1.8,311.454,-37.3875,-2.91,244.6741,-1.1025,189.57,-56.1924
1753076634.2992663,0.5347253680229187,0.3717472553253174,-0.5209325551986694,85.34810741974556,24.409407352734128,-10.518613357111185,0,184.6725,35.0025,-42.3016,-3.105,188.34,-33.3355,-76.485,15.735,102.1724,-41.2425,453.855,45.496,-78.57,469.7475,58.201,-63.9525,150.6825,62.9442,-72.5625,-54.2925,69.2483,-44.22,121.1475,-17.0368,-80.2575,-32.4525,-1.936,-24.2625,-86.31,-5.8927,1.8075,37.3725,5.7112,-4.9575,-7.53,59.9192,-3.645,-3.5325,-46.6455,-4.3425,37.9725,26.862,59.2875,19.11,-7.1027,25.485,41.535,-66.7678,-18.615,6.45,11.4345,20.085,-1.5375,28.8464,71.5875,-2.5275,-60.137,-5.1075,-1.2,-65.1706,49.4625,-4.6425,-2.6741,53.73,8.85,26.862,-42.3375,1.89,-3.1339,73.2975,35.97,-63.9364
1753076634.6632833,0.5364471077919006,0.2943041920661926,-0.4723968207836151,85.09916219899874,37.69125783123811,-7.228458999411637,0,126.9225,74.6025,11.9064,149.295,15.54,-35.2715,7.515,-4.665,-91.4276,99.7575,11.955,-93.896,75.03,18.0975,-65.703,-62.4525,20.7825,-54.1838,-72.5625,-64.0425,-50.7837,-25.17,-39.3525,91.1372,-80.2575,-62.4525,88.814,130.5375,-86.01,-27.6727,155.4075,7.3725,11.7612,157.0425,-26.43,-17.5208,-1.545,-3.5325,-41.3215,-4.7925,18.1725,-48.158,151.0875,-24.09,-37.5947,157.485,73.935,-4.8158,118.785,84.45,-19.0575,135.285,7.0125,5.3724,148.5375,-1.3275,-2.057,148.6425,0.0,29.6934,111.8625,-4.6425,120.7459,-23.07,-3.15,117.854,128.0625,94.29,-1.6819,147.6975,74.97,29.9596
1753076635.0275404,0.5131204724311829,0.2927941679954529,-0.431273490190506,87.8859490448077,33.36212900589155,-4.194425861223124,0,110.1225,-3.3975,-26.8136,149.295,-3.51,-35.5135,74.715,93.735,-59.9676,79.9575,91.905,-5.566,75.03,17.9475,31.097,89.3475,16.2825,15.7542,87.1875,3.7575,-48.8477,109.23,-17.7525,14.6652,73.3425,7.4475,24.926,63.3375,-86.16,1.8513,93.6075,-2.8275,-3.9688,149.8425,-45.93,-17.0368,92.055,-1.7325,10.9505,9.4575,18.1725,-3.63,76.8375,-20.49,31.6173,161.085,-2.865,-66.7678,-37.665,1.65,-4.0535,135.285,-2.5875,5.3724,148.3875,-2.5275,-64.009,187.6425,3.45,58.7334,150.7125,-4.6425,616.1199,15.33,-0.75,118.096,145.4625,13.29,128.7561,157.2975,-0.33,-60.0644
1753076635.391197,0.5055390000343323,0.29316580295562744,-0.42011263966560364,87.40525762880715,27.541909742673635,-2.59231557719069,0,185.7225,73.7025,-9.3896,-3.705,1.14,-18.0895,-54.885,-4.665,-62.8716,148.3575,4.755,-6.776,-78.57,37.1475,-3.267,-64.2525,73.5825,-61.4438,-67.7625,-35.2425,-56.5917,114.03,-39.6525,-17.2788,73.3425,-52.8525,-3.63,-24.8625,-76.71,1.8513,150.6075,-2.8275,-3.4848,-1.3575,-43.38,-9.7768,-3.945,1.2675,-50.5175,-0.1425,2.5725,5.324,150.4875,281.91,-35.1747,150.285,-2.865,-4.8158,115.785,1.65,-15.6695,20.685,2.2125,-2.3716,33.4875,-2.5275,-2.057,186.8925,94.65,-61.2986,150.4125,178.3575,503.5899,19.68,-3.15,13.31,147.2625,239.49,-3.1339,147.9975,81.87,-1.0164
1753076635.7554924,0.5019254684448242,0.29601532220840454,-0.429966002702713,89.08339029856917,25.697579047281703,0.4149859693627616,0,184.5225,73.4025,-34.5576,72.495,82.74,-35.5135,8.715,91.335,-95.2996,147.1575,73.155,-35.816,-78.27,-0.5025,-3.751,-61.8525,73.5825,-61.9278,-72.5625,-66.4425,5.6023,110.58,38.3475,52.4172,75.8925,4.7475,-6.05,-25.4625,297.69,-29.1247,-2.9925,400.3725,27.2492,-4.9575,-7.53,44.4312,-3.945,342.0675,-50.0335,-3.7425,428.5725,26.378,160.6875,283.11,-38.0787,150.435,74.535,-66.7678,118.485,227.25,19.1785,20.085,7.0125,-2.3716,44.1375,85.2225,-48.037,186.8925,95.1,-18.7066,155.0625,170.7075,492.4579,15.33,-3.15,1.694,145.4625,251.49,34.6181,147.6975,112.77,-38.7684
1753076636.1197975,0.5030894875526428,0.2976188659667969,-0.42995575070381165,88.6801526654798,25.892361468409,-0.256240036632108,0,189.9225,73.4025,-26.8136,72.495,73.14,-11.3135,-77.685,92.835,-95.2996,147.1575,107.955,-62.92,-78.57,3.5475,-65.219,-64.2525,93.3825,-54.1838,-71.9625,-66.4425,-54.4137,109.98,41.9475,19.5052,74.6925,4.7475,-5.808,-20.0625,297.99,32.8273,7.2075,390.7725,-3.9688,-3.7575,-5.13,45.3992,-2.745,-2.3325,-18.0895,0.1575,426.1725,20.57,154.0875,301.71,-36.1427,150.285,112.485,-35.7918,115.785,-3.15,-19.0575,24.885,21.4125,-2.3716,33.1875,112.6725,-33.033,186.8925,-0.45,-65.1706,150.2625,-4.3425,492.2159,15.93,-3.15,-6.05,145.0125,256.44,-2.1659,150.0975,-2.43,-27.1524
1753076636.4838955,0.5064620971679688,0.29234933853149414,-0.42319902777671814,88.83671102370194,25.411709392673245,0.10615223445161434,0,185.7225,77.0025,-38.4296,73.995,77.04,-34.0615,-0.885,79.335,-90.9436,147.1575,84.855,-68.728,-78.57,37.1475,-3.751,-64.2525,73.5825,-45.9558,-70.1625,-72.4425,-56.3497,110.43,37.1475,-17.2788,75.8925,4.8975,-1.694,-23.9625,300.09,1.8513,0.6075,390.7725,-3.9688,-2.5575,-36.33,44.4312,-3.645,347.4675,-35.0295,14.2575,423.9225,-4.598,160.6875,287.91,-37.8367,150.285,83.535,-66.7678,120.585,227.25,11.4345,22.185,-0.1875,-0.4356,52.5375,74.4225,-29.161,187.4925,104.25,-62.9926,150.2625,172.9575,491.9739,29.73,0.45,24.926,154.4625,265.89,2.6741,147.6975,86.37,-63.9364
1753076636.8488753,0.505501925945282,0.29384833574295044,-0.4235621988773346,88.72042546715836,25.785424050592372,-0.20583549537101883,0,184.5225,83.1525,-38.4296,72.495,82.74,-27.7695,-2.085,72.735,-95.2996,147.7575,70.755,-57.112,-78.42,-0.6525,-61.831,-61.8525,74.7825,-42.5678,-72.5625,-68.8425,-47.3957,109.23,85.1475,-16.7948,74.5425,-72.0525,17.182,-24.8625,298.59,32.8273,10.8075,381.1725,-3.4848,-4.9575,-45.93,44.4312,4.155,380.4675,13.1285,14.8575,423.7725,14.762,150.4875,-25.29,-26.4627,155.685,112.335,-32.8878,119.385,227.85,-19.0575,20.985,16.7625,-1.4036,33.1875,76.6725,-25.289,186.8925,94.65,-26.4506,151.4625,168.3075,495.1199,15.33,16.05,24.926,145.4625,248.49,31.7141,147.6975,83.97,-60.0644
1753076637.2141066,0.5073966383934021,0.2908298969268799,-0.41872403025627136,88.83962705503484,25.620446921374764,-0.1810873091108318,0,184.5225,83.0025,-10.8416,74.895,92.34,-35.5135,-78.885,74.535,-95.2996,148.5075,108.705,-68.728,-73.77,-1.2525,-65.219,-63.0525,73.8825,-46.1978,-72.5625,-53.8425,-55.3817,109.23,38.3475,21.4412,74.8425,23.9475,-4.84,-20.6625,307.29,33.0693,-2.9925,-2.8275,34.7512,-4.9575,-35.28,46.6092,-3.945,380.4675,-20.0255,-4.6425,382.9725,11.374,169.6875,281.91,-37.5947,152.685,75.735,-4.8158,125.385,266.25,11.4345,20.085,7.6125,-1.8876,43.9875,112.6725,-32.065,186.8925,-1.35,-34.1946,150.2625,177.7575,509.3979,20.13,6.45,24.926,147.2625,247.44,-3.1339,147.6975,83.97,-27.1524
1753076637.5781817,0.5021331310272217,0.2963552474975586,-0.43029966950416565,88.54084221632205,25.702492068585563,-0.17607438099667672,0,195.0225,92.6025,-34.3156,72.495,82.74,-29.2215,0.315,72.285,-95.2996,147.7575,79.155,-57.112,-78.57,37.1475,-65.219,-61.7025,73.5825,-46.1978,-71.3625,-72.4425,-41.1037,111.78,41.9475,-17.2788,74.0925,10.1475,9.438,-23.9625,297.69,32.8273,-2.9925,-2.6775,19.2632,-4.9575,-45.93,44.4312,-3.945,380.7675,-50.5175,15.4575,394.9725,-4.598,150.4875,281.91,-38.0787,150.435,75.735,-35.5498,119.385,227.25,11.4345,20.085,-0.1875,13.6004,33.1875,84.1725,-33.033,196.4925,80.85,5.4934,150.8625,168.1575,509.3979,16.53,6.9,-6.05,154.4625,251.49,-3.1339,147.6975,75.57,-63.9364
1753076637.9430165,0.5065253973007202,0.2919953465461731,-0.42102327942848206,88.81395314684761,25.667246416259584,-0.15967536938020324,1,184.5225,83.0025,-42.3016,72.495,82.74,-4.5375,-2.085,72.135,-95.2996,157.9575,110.355,-95.59,-74.97,-0.0525,-49.247,-52.2525,85.5825,-60.9598,-72.4125,-63.4425,-41.1037,110.13,39.5475,13.6972,74.5425,5.9475,-5.808,-20.6625,299.04,36.6993,1.8075,381.1725,27.0072,-4.9575,-7.53,44.4312,-3.945,351.6675,-18.0895,-1.3425,421.3725,26.862,169.6875,285.51,-38.0787,150.285,73.935,-66.7678,121.185,-0.15,15.3065,23.685,16.6125,-2.3716,36.1875,74.2725,-33.033,191.6925,80.25,-57.4266,111.8625,188.5575,491.9739,15.33,-0.45,-6.05,146.0625,246.69,4.6101,147.6975,79.17,-63.9364
1753076638.3071644,0.5073730945587158,0.2906203269958496,-0.4185391366481781,88.7289066537929,25.811358865087698,-0.3998247077710279,1,184.5225,73.4025,-42.3016,77.295,86.34,-35.0295,-2.085,110.835,-87.5556,150.1575,107.955,-67.518,-78.57,-1.2525,-65.219,-63.0525,83.1825,-54.1838,-72.2625,-63.7425,-55.6237,109.53,56.3475,13.6972,92.6925,4.7475,11.374,-24.8625,307.44,-25.0107,-2.2425,386.2725,-1.7908,14.2425,-45.63,44.4312,0.855,381.0675,-33.5775,-4.9425,430.0725,26.378,150.4875,281.91,-38.0787,150.435,84.135,-66.7678,115.785,236.85,11.9185,24.885,17.8125,5.3724,33.1875,74.2725,-33.033,189.2925,113.85,-65.1706,150.2625,177.7575,511.8179,15.33,7.2,9.438,144.8625,246.84,-3.1339,166.8975,-1.83,-32.9604
1753076638.6723397,0.5072521567344666,0.29156577587127686,-0.4206406772136688,90.56177147447859,27.240973877998677,0.3467967693669447,1,184.5225,83.0025,-42.3016,72.795,73.14,-27.7695,-78.885,111.135,-95.2996,147.1575,80.355,-68.486,-78.27,-1.1025,-65.703,-61.8525,83.1825,-46.4398,-72.5625,-64.0425,-56.1077,110.43,76.7475,-0.8228,92.5425,9.5475,26.862,-23.0625,300.09,-29.1247,-2.9925,385.9725,27.0072,-4.9575,-7.53,45.3992,10.455,380.4675,-19.7835,-4.9425,421.3725,11.858,150.4875,291.51,-36.1427,157.485,78.735,-64.8318,115.785,265.65,-19.0575,20.685,16.6125,-2.3716,33.1875,79.0725,-33.033,187.4925,85.05,-53.5546,159.8625,168.1575,539.6479,20.13,-3.0,-6.05,144.8625,246.69,-2.6499,147.6975,81.57,-47.4804
1753076639.0370817,0.5039859414100647,0.3011144995689392,-0.436746209859848,88.59703470042015,34.293529572306596,-0.2287601486427664,1,184.5225,78.2025,-42.3016,74.895,73.14,-33.3355,6.465,77.085,-93.3636,149.8575,79.305,-66.792,-78.57,2.1975,-54.087,-54.6525,74.7825,-59.9918,-61.7625,-67.6425,-55.1397,128.43,46.7475,14.6652,82.9425,-72.0525,-5.808,-23.0625,307.29,34.7633,19.2075,387.0225,28.9432,16.0425,-45.93,52.1752,15.855,385.8675,-51.0015,14.2575,427.3725,-4.598,150.4875,282.21,-38.0787,151.485,-2.415,-33.8558,115.785,236.85,21.1145,20.385,21.4125,-2.3716,37.9875,93.7725,-2.057,191.6925,-0.75,-49.6826,159.8625,168.1575,495.8459,34.53,-0.75,-5.082,149.6625,257.49,4.6101,147.6975,2.97,-62.9684
1753076639.4002602,0.5047380328178406,0.30669814348220825,-0.44046613574028015,83.84361213821812,35.803635054657114,0.7500337460659074,1,209.1225,-3.3975,-7.4536,72.495,82.74,-35.5135,17.115,75.135,-95.2996,166.3575,79.455,-60.984,-77.97,1.2975,-65.461,-43.2525,74.7825,-29.9838,-72.4125,3.3075,-56.5917,128.43,-39.6525,13.6972,92.5425,-71.6025,-4.84,-3.8625,-86.31,-29.1247,153.0075,-2.8275,60.4032,-4.8075,-45.93,-15.5848,-3.945,-3.0825,-35.5135,-3.7425,6.1725,-58.806,169.8375,-25.29,-7.1027,156.285,-2.865,-64.8318,125.385,-3.15,-19.5415,22.485,-2.5875,-0.4356,52.5375,-2.5275,-33.033,207.2925,8.25,-65.1706,150.4125,0.1575,491.9739,39.63,-0.75,9.438,154.6125,-2.91,-3.1339,171.6975,-2.43,-32.9604
1753076639.7645,0.47026583552360535,0.30944859981536865,-0.47173115611076355,97.04394504642906,51.776624736834854,9.601624076008997,1,30.9225,74.0025,-26.3296,72.495,-3.66,-12.2815,-1.485,43.935,-95.2996,166.6575,31.155,-99.704,-78.27,1.1475,-65.703,-63.9525,-3.2175,0.0242,23.4375,3.1575,-33.3597,109.23,40.1475,48.5452,75.7425,44.3475,25.168,128.1375,-86.01,-25.2527,-2.9925,16.6725,-3.4848,148.6425,-44.58,-17.2788,-3.345,-3.5325,-51.0015,-4.9425,1.3725,-58.806,-3.1125,-6.09,-14.8467,150.885,-2.265,-66.7678,116.085,83.25,-19.5415,135.285,-2.5875,5.3724,157.9875,-1.9275,63.767,148.4925,37.2,58.7334,111.8625,14.5575,631.3659,-13.47,1.8,13.31,-45.9375,-2.31,6.5461,-5.6025,21.57,-63.9364
1753076640.1272988,0.5100874304771423,0.29451900720596313,-0.3227730691432953,84.16605011804906,31.10730438802273,-13.45488515752731,1,107.7225,-3.3975,-26.3296,73.395,92.34,-35.5135,-2.085,0.135,-95.2996,13.0575,71.055,-83.974,-78.57,19.1475,-63.767,13.7475,6.3825,-61.9278,-71.3625,-73.3425,-56.5917,32.43,-39.6525,13.6972,150.1425,26.3475,-6.05,204.9375,-85.71,-29.1247,227.4075,-2.3775,5.4692,211.0425,-45.33,13.4552,-3.195,49.2675,16.7585,-4.9425,37.3725,-66.55,1.6875,41.91,-38.0787,-3.315,-2.865,-66.7678,-37.215,85.65,-19.2995,-17.415,76.9125,13.1164,9.7875,8.5725,-64.009,-5.1075,3.45,58.7334,-41.7375,-599.8425,-3.6421,3.63,-2.85,25.41,-47.1375,35.64,7.0301,-5.9025,151.17,-28.8464
1753076640.4921052,0.6133503317832947,0.2796183228492737,-0.36836621165275574,85.7854998226341,31.285003218229967,-3.7941198461673626,1,186.9225,-3.3975,-42.3016,163.695,103.74,189.0625,-37.485,73.185,-92.3956,149.5575,415.155,148.104,3.18,311.0475,65.945,-59.3025,84.3825,77.7062,-72.5625,-62.8425,67.3123,-43.77,114.5475,44.6732,-75.4575,82.7475,-6.05,-24.4125,86.49,-29.1247,-2.9925,155.5725,-3.0008,9.4425,107.97,-17.5208,-3.945,-3.5325,-20.0255,-0.1425,155.8725,-66.55,-2.5125,-25.29,-33.2387,-0.915,150.885,-66.2838,-37.815,-444.45,-11.7975,-18.315,152.2125,-2.1296,-5.2125,170.2725,-58.201,-4.8075,-1.35,-61.2986,-36.9375,-4.6425,-3.6421,58.53,-3.15,-5.808,-47.1375,-2.91,4.6101,70.8975,-2.43,-63.9364
1753076640.8551908,0.6021430492401123,0.3019596338272095,-0.4585651457309723,92.41579978071942,47.363830140026096,2.9527076968183343,1,126.9225,-3.3975,-11.3256,149.295,1.44,-35.2715,-52.485,-4.065,-2.3716,81.9075,-7.245,-99.704,84.63,-0.6525,-3.751,99.2475,3.9825,0.0242,-71.3625,-68.6925,-56.5917,-25.17,-34.8525,46.6092,-56.1075,-62.1525,-2.178,-6.2625,-86.31,32.8273,84.0075,74.2725,-3.0008,71.8425,-45.93,-17.0368,72.855,1.2675,14.8225,72.4575,1.3725,-66.066,4.2375,-25.29,23.8733,150.285,4.485,-4.3318,-28.215,16.05,17.2425,-13.515,16.7625,-1.4036,148.3875,21.1725,5.687,19.1925,-1.05,29.6934,-38.1375,33.7575,-3.1581,-23.07,-2.55,-6.05,-25.5375,-2.91,-2.1659,-1.1025,-2.43,-1.9844
1753076641.2181246,0.6215786933898926,0.2923271059989929,-0.5215940475463867,91.97889816518095,52.669512246113186,4.919142743553949,1,-45.8775,-3.2475,-26.8136,159.045,-3.66,-20.0255,93.915,-4.065,-85.6196,92.1075,-0.045,-6.292,75.03,1.2975,-3.751,98.9475,-3.2175,-61.9278,100.3875,-49.6425,-56.5917,-43.17,-34.8525,44.6732,-2.1075,-71.7525,61.952,61.2375,-9.51,-27.9147,-2.9925,-2.8275,69.5992,72.4425,30.87,44.9152,2.805,-3.3825,26.4385,71.8575,8.5725,-66.066,-2.5125,-10.89,23.8733,1.485,16.485,-4.3318,-35.415,-0.75,42.4105,-13.515,-2.5875,-1.4036,-5.2125,-2.5275,-0.121,-5.1075,-0.75,-3.2186,35.0625,-4.0425,-2.6741,-22.92,-3.15,-6.05,-47.1375,-2.91,-3.1339,-5.3025,-0.48,-1.0164
1753076641.5802605,0.5596129298210144,0.30888932943344116,-0.46981456875801086,89.93748334789714,51.01052400688936,2.1604470218369705,1,107.7225,-3.3975,19.6504,-4.305,-2.76,-35.2715,2.865,0.135,-95.2996,5.5575,-6.195,1.21,-71.07,8.3475,-57.475,-64.2525,-3.0675,-30.9518,6.6375,-68.8425,36.8203,32.73,-39.6525,45.1572,-3.4575,8.0475,-1.694,-25.4625,-9.51,33.3113,73.8075,74.2725,3.7752,-3.7575,-45.93,-17.5208,-3.945,73.2675,-39.3855,71.8575,8.5725,-4.598,73.9875,52.71,-22.3487,2.685,-2.415,5.8322,-37.815,-3.15,-19.5415,-15.915,37.0125,1.5004,4.9875,7.0725,0.363,-0.3075,-0.15,35.5014,-41.7375,43.3575,0.2299,130.83,35.85,9.922,111.2625,-0.51,12.3541,147.6975,-2.28,-63.9364
1753076641.9442933,0.46241191029548645,0.3298565745353699,-0.4409264624118805,95.72407013194731,52.80871770497913,5.450399166450091,1,30.9225,44.7525,-40.3656,-4.155,73.14,-35.5135,84.315,1.935,-56.5796,94.5075,69.855,-4.84,75.03,8.9475,-64.735,166.1475,1.5825,-53.9418,162.6375,-73.6425,-48.8477,187.23,56.3475,-16.7948,73.7925,4.7475,24.926,56.1375,-86.31,-29.1247,-2.9925,75.1725,29.9112,244.6425,-45.48,44.4312,72.855,73.2675,-47.1295,76.6575,-0.8775,-4.598,-2.8125,-25.29,-22.5907,83.085,16.485,-66.7678,-14.415,150.6,104.3625,1.035,151.1625,30.7824,18.7875,7.3725,62.799,-5.1075,18.3,58.7334,-39.3375,7.5075,491.9739,-23.07,-3.15,9.438,-36.9375,-2.31,124.6421,3.6975,36.27,-46.9964
